議題類型,議題索引鍵,議題 ID,摘要,受託人,受託人 ID,回報者,回報者 ID,優先順序,狀態,解決方法,已建立,已更新,截止日期
改善,RSGCLUXE-94,75329,0727 【Uat】【R5】機台新遊戲 -奢華音檔調整,cyanhsu,712020:741add0b-8775-4f87-9776-f4cb6ca24d10,ChristineChiang,712020:c5e63bfe-ceb7-4718-91f9-29db95ee1349,Medium,待辦,,27/七月/26 3:42 下午,27/七月/26 3:42 下午,
漏洞,RSGCLUXE-93,75325,"0727 【Uat】【R5】機台新遊戲 - 奢華-開啟額外投注後,spin一把,BET會跳回原本BET",Gms,5d147d02e207030bd3c6bdd2,QA-Leo,712020:43438060-b8b0-4b3f-963e-fc65356d9672,Medium,結案,,27/七月/26 3:04 下午,28/七月/26 8:37 上午,
漏洞,RSGCLUXE-92,75324,"0727 【Uat】【R5】機台新遊戲 - 奢華-秀線時跳過,下方尚未亮起的贏分symbol框/倍數均不會顯示",cyanhsu,712020:741add0b-8775-4f87-9776-f4cb6ca24d10,QA-Leo,712020:43438060-b8b0-4b3f-963e-fc65356d9672,Medium,結案,,27/七月/26 2:35 下午,28/七月/26 8:39 上午,
漏洞,RSGCLUXE-91,75236,"0725 【Uat】【R4】機台新遊戲 - 奢華-使用低於BG bet購買免遊後,下次打開購買面板,bet應為上次購買值",Gms,5d147d02e207030bd3c6bdd2,QA-Leo,712020:43438060-b8b0-4b3f-963e-fc65356d9672,Medium,結案,,25/七月/26 8:31 下午,27/七月/26 10:42 上午,
漏洞,RSGCLUXE-90,75234,"0725 【Uat】【R4】機台新遊戲 - 奢華-FG2/3內JP框有連線贏分時,斷線重連,下一轉時JP文案不會消失(會導致遞補倍數重疊展示)",cyanhsu,712020:741add0b-8775-4f87-9776-f4cb6ca24d10,QA-Leo,712020:43438060-b8b0-4b3f-963e-fc65356d9672,Medium,結案,,25/七月/26 2:54 下午,27/七月/26 2:25 下午,
漏洞,RSGCLUXE-89,75233,0725 【Uat】【R4】機台新遊戲 - 奢華-FG2/3有MAXWIN(正常結束/斷線重連)回到BG時倍數顯示不一致,Gms,5d147d02e207030bd3c6bdd2,QA-Leo,712020:43438060-b8b0-4b3f-963e-fc65356d9672,Medium,結案,,25/七月/26 2:42 下午,27/七月/26 2:22 下午,
漏洞,RSGCLUXE-88,75230,"0724 【Uat】【R3】機台新遊戲 - 奢華-額外押分/購買特色切換,會導致後續bet異常",Gms,5d147d02e207030bd3c6bdd2,QA-Leo,712020:43438060-b8b0-4b3f-963e-fc65356d9672,Medium,結案,,24/七月/26 6:55 下午,25/七月/26 8:00 下午,
漏洞,RSGCLUXE-87,75227,"0724 【Uat】【R3】機台新遊戲 - 奢華-開啟額外押分後,透過購買特色將bet調整低於BG bet,此時關閉界面,bet不會跳回BG下限",Gms,5d147d02e207030bd3c6bdd2,QA-Leo,712020:43438060-b8b0-4b3f-963e-fc65356d9672,Medium,結案,,24/七月/26 6:40 下午,25/七月/26 1:17 下午,
漏洞,RSGCLUXE-85,75222,"0724 【Uat】【R3】機台新遊戲 - 奢華-大獎動畫關閉時,再次按下spin,大獎動畫會短暫再次彈出",cyanhsu,712020:741add0b-8775-4f87-9776-f4cb6ca24d10,QA-Leo,712020:43438060-b8b0-4b3f-963e-fc65356d9672,Medium,觀察中,,24/七月/26 5:45 下午,27/七月/26 4:53 下午,
漏洞,RSGCLUXE-84,75215,"0724 【Uat】【R3】機台新遊戲 - 奢華-倍數/JP特色倍幸運草收集後,進出遊戲會重新出現",Gms,5d147d02e207030bd3c6bdd2,QA-Leo,712020:43438060-b8b0-4b3f-963e-fc65356d9672,Medium,結案,,24/七月/26 5:08 下午,25/七月/26 1:26 下午,
漏洞,RSGCLUXE-83,75214,0724 【Uat】【R3】機台新遊戲 - 奢華-FG結算畫面可以點擊即停、選單按鈕,cyanhsu,712020:741add0b-8775-4f87-9776-f4cb6ca24d10,QA-Thomas,712020:a4ed337d-b668-43e3-9ff7-fa923c3e6f0a,Medium,未解決問題,,24/七月/26 4:53 下午,24/七月/26 5:43 下午,
漏洞,RSGCLUXE-82,75211,"0724 【Uat】【R3】機台新遊戲 - 奢華-贏分線秀分時轉動,分數仍會短暫停在版面",cyanhsu,712020:741add0b-8775-4f87-9776-f4cb6ca24d10,QA-Leo,712020:43438060-b8b0-4b3f-963e-fc65356d9672,Medium,結案,,24/七月/26 4:30 下午,27/七月/26 2:16 下午,
漏洞,RSGCLUXE-81,75210,0724 【Uat】【R3】機台新遊戲 - 奢華-贏線經過彩金，彩金收集時按下Spin會使遊戲卡住,cyanhsu,712020:741add0b-8775-4f87-9776-f4cb6ca24d10,Mark Chen,712020:cadd47e2-593f-4682-8a1b-fbb0d12ae649,Medium,結案,,24/七月/26 4:24 下午,28/七月/26 10:11 上午,
漏洞,RSGCLUXE-80,75209,"0724 【Uat】【R3】機台新遊戲 - 奢華-贏分時下方會直接顯示該局贏分,不會有滾分動畫",ChristineChiang,712020:c5e63bfe-ceb7-4718-91f9-29db95ee1349,QA-Leo,712020:43438060-b8b0-4b3f-963e-fc65356d9672,Medium,結案,,24/七月/26 4:16 下午,25/七月/26 12:51 下午,
漏洞,RSGCLUXE-79,75208,"0724 【Uat】【R3】機台新遊戲 - 奢華-BIGWIN動畫出現時,上下贏分應同步滾動",ChristineChiang,712020:c5e63bfe-ceb7-4718-91f9-29db95ee1349,QA-Leo,712020:43438060-b8b0-4b3f-963e-fc65356d9672,Medium,結案,,24/七月/26 4:04 下午,25/七月/26 12:51 下午,
漏洞,RSGCLUXE-78,75205,0724 【Uat】【R3】機台新遊戲 - 奢華-觸發大獎畫面會卡住 要再按一次SPIN才會撥放動畫,cyanhsu,712020:741add0b-8775-4f87-9776-f4cb6ca24d10,QA-Thomas,712020:a4ed337d-b668-43e3-9ff7-fa923c3e6f0a,Medium,觀察中,,24/七月/26 3:08 下午,25/七月/26 7:24 下午,
漏洞,RSGCLUXE-77,75163,"0724 【Uat】【R3】機台新遊戲 - 奢華-Trigger FG/Retrigger時,倍數不該亮起",cyanhsu,712020:741add0b-8775-4f87-9776-f4cb6ca24d10,QA-Leo,712020:43438060-b8b0-4b3f-963e-fc65356d9672,Medium,未解決問題,,24/七月/26 2:34 下午,24/七月/26 4:55 下午,
漏洞,RSGCLUXE-76,75126,"0724 【Uat】【R3】機台新遊戲 - 奢華-倍數升級超過24X後,框沒有一併升級為粗框",cyanhsu,712020:741add0b-8775-4f87-9776-f4cb6ca24d10,QA-Leo,712020:43438060-b8b0-4b3f-963e-fc65356d9672,Medium,結案,,24/七月/26 1:59 下午,28/七月/26 8:40 上午,
漏洞,RSGCLUXE-75,75125,0724 【Uat】【R3】機台新遊戲 - 奢華-Retrigger文案遮罩會遮擋到右下'剩餘選轉',Gms,5d147d02e207030bd3c6bdd2,QA-Leo,712020:43438060-b8b0-4b3f-963e-fc65356d9672,Medium,結案,,24/七月/26 1:54 下午,25/七月/26 12:50 下午,
漏洞,RSGCLUXE-74,75113,0724 【Uat】【R3】機台新遊戲 - 奢華-秀線動畫應該操作界面其餘功能(如調整bet/開啟購買免遊選單等)時就停止,Gms,5d147d02e207030bd3c6bdd2,QA-Leo,712020:43438060-b8b0-4b3f-963e-fc65356d9672,Medium,結案,,24/七月/26 1:33 下午,27/七月/26 2:08 下午,
漏洞,RSGCLUXE-73,75106,"0724 【Uat】【R3】機台新遊戲 - 奢華-B1期待動畫時,後方軸會先停止轉動",cyanhsu,712020:741add0b-8775-4f87-9776-f4cb6ca24d10,QA-Leo,712020:43438060-b8b0-4b3f-963e-fc65356d9672,Medium,結案,,24/七月/26 1:31 下午,27/七月/26 2:05 下午,
漏洞,RSGCLUXE-72,75105,0724 【Uat】【R3】機台新遊戲 - 奢華-遊戲有機率會卡住,cyanhsu,712020:741add0b-8775-4f87-9776-f4cb6ca24d10,QA-Thomas,712020:a4ed337d-b668-43e3-9ff7-fa923c3e6f0a,Medium,結案,,24/七月/26 1:31 下午,28/七月/26 8:42 上午,
漏洞,RSGCLUXE-71,75056,"0724 【Uat】【R3】機台新遊戲 - 奢華-盤面多連線贏分,跳過贏分線時,會將所有贏分展示",cyanhsu,712020:741add0b-8775-4f87-9776-f4cb6ca24d10,QA-Leo,712020:43438060-b8b0-4b3f-963e-fc65356d9672,Medium,結案,,24/七月/26 11:55 上午,27/七月/26 2:04 下午,
漏洞,RSGCLUXE-70,75055,0724 【Uat】【R3】機台新遊戲 - 奢華-贏分即停時會重複贏分動畫,cyanhsu,712020:741add0b-8775-4f87-9776-f4cb6ca24d10,QA-Thomas,712020:a4ed337d-b668-43e3-9ff7-fa923c3e6f0a,Medium,結案,,24/七月/26 11:52 上午,27/七月/26 10:55 上午,
漏洞,RSGCLUXE-69,75003,"0721 【Uat】【R2】機台新遊戲 - 奢華-進出免遊,畫面已出現開始/領獎/確認,此時實體按鈕旋轉需等待一段時間才會亮起且作用",Gms,5d147d02e207030bd3c6bdd2,QA-Leo,712020:43438060-b8b0-4b3f-963e-fc65356d9672,Medium,結案,,23/七月/26 1:25 下午,24/七月/26 11:15 上午,
漏洞,RSGCLUXE-68,75002,"0721 【Uat】【R2】機台新遊戲 - 奢華-進入遊戲Loading頁面,此時點擊可開啟額外押分介面/BET介面/面額介面",Gms,5d147d02e207030bd3c6bdd2,QA-Leo,712020:43438060-b8b0-4b3f-963e-fc65356d9672,Medium,結案,,23/七月/26 11:46 上午,24/七月/26 11:21 上午,
漏洞,RSGCLUXE-67,74997,"0721 【Uat】【R2】機台新遊戲 - 奢華-FG內幸運草收集後倍數會消失,下一轉才會出現",cyanhsu,712020:741add0b-8775-4f87-9776-f4cb6ca24d10,QA-Leo,712020:43438060-b8b0-4b3f-963e-fc65356d9672,Medium,重啟問題,,23/七月/26 11:21 上午,27/七月/26 2:01 下午,
漏洞,RSGCLUXE-66,74985,"0721 【Uat】【R2】機台新遊戲 - 奢華-FG內JP特色計分時,重新給新值,此時就算給的新值是JP/高倍數,框也會是細框",cyanhsu,712020:741add0b-8775-4f87-9776-f4cb6ca24d10,QA-Leo,712020:43438060-b8b0-4b3f-963e-fc65356d9672,Medium,結案,,23/七月/26 10:37 上午,24/七月/26 2:10 下午,
漏洞,RSGCLUXE-65,74984,"0721 【Uat】【R2】機台新遊戲 - 奢華-倍數連線計分,斷線重連後該格會先顯示舊的倍數,下一把轉動中才會更改值",Gms,5d147d02e207030bd3c6bdd2,QA-Leo,712020:43438060-b8b0-4b3f-963e-fc65356d9672,Medium,觀察中,,23/七月/26 10:30 上午,26/七月/26 3:22 下午,
漏洞,RSGCLUXE-64,74976,"0721 【Uat】【R2】機台新遊戲 - 奢華-Trigger FG  (有其他贏分),該把贏分應列入FG內計算",cyanhsu,712020:741add0b-8775-4f87-9776-f4cb6ca24d10,QA-Leo,712020:43438060-b8b0-4b3f-963e-fc65356d9672,Medium,結案,,22/七月/26 5:33 下午,24/七月/26 2:17 下午,
漏洞,RSGCLUXE-63,74973,"0721 【Uat】【R2】機台新遊戲 - 奢華-開啟額外押分後斷線重連,額外押分按鈕為啟用時文案",Gms,5d147d02e207030bd3c6bdd2,QA-Leo,712020:43438060-b8b0-4b3f-963e-fc65356d9672,Medium,結案,,22/七月/26 5:07 下午,24/七月/26 2:24 下午,
漏洞,RSGCLUXE-62,74960,"0722 【Uat】【R2】機台新遊戲 - 奢華-離開FG時購買免遊按鈕消失,其餘功能禁能(除spin)",Gms,5d147d02e207030bd3c6bdd2,QA-Leo,712020:43438060-b8b0-4b3f-963e-fc65356d9672,Medium,觀察中,,22/七月/26 3:24 下午,24/七月/26 3:34 下午,
漏洞,RSGCLUXE-61,74951,0722 【Uat】【R2】機台新遊戲 - 奢華-轉動的時候 二、四軸不會顯示BONUS,阿仁,712020:f6f5fdbb-bf5f-4d65-9648-d8fe549bd614,QA-Thomas,712020:a4ed337d-b668-43e3-9ff7-fa923c3e6f0a,Medium,處理中,,22/七月/26 1:51 下午,22/七月/26 5:42 下午,
改善,RSGCLUXE-60,74950,0721 【Uat】【R2】Help文案調整,Gene Huang,712020:9210c724-bb2a-4446-9f22-8bd2832cce5a,ChristineChiang,712020:c5e63bfe-ceb7-4718-91f9-29db95ee1349,Medium,完成,完成,22/七月/26 1:31 下午,28/七月/26 8:36 上午,
漏洞,RSGCLUXE-59,74944,0722 【Uat】【R2】機台新遊戲 - 奢華-額外壓分、購買特色有綠色打勾符號,ChristineChiang,712020:c5e63bfe-ceb7-4718-91f9-29db95ee1349,QA-Thomas,712020:a4ed337d-b668-43e3-9ff7-fa923c3e6f0a,Medium,結案,,22/七月/26 11:50 上午,22/七月/26 12:36 下午,
漏洞,RSGCLUXE-58,74943,0721 【Uat】【R2】機台新遊戲 - 奢華-購買特色-BET低於BG押分下限，FG結束回到BG後，上方JP未正確顯示,Gms,5d147d02e207030bd3c6bdd2,QA-Sean,712020:b375f0f5-88f2-47e8-a8c3-fd4117da78fa,Medium,結案,,22/七月/26 11:39 上午,24/七月/26 2:35 下午,
漏洞,RSGCLUXE-57,74938,"0721 【Uat】【R2】機台新遊戲 - 奢華-FG內倍數刷新時,如原本是粗金框應先變為細框",ChristineChiang,712020:c5e63bfe-ceb7-4718-91f9-29db95ee1349,QA-Leo,712020:43438060-b8b0-4b3f-963e-fc65356d9672,Medium,結案,,22/七月/26 10:22 上午,24/七月/26 2:47 下午,
漏洞,RSGCLUXE-56,74935,"0721 【Uat】【R2】機台新遊戲 - 奢華-幸運草收集後如會MAXWIN,下方贏分顯示0",cyanhsu,712020:741add0b-8775-4f87-9776-f4cb6ca24d10,QA-Leo,712020:43438060-b8b0-4b3f-963e-fc65356d9672,Medium,結案,,22/七月/26 9:49 上午,24/七月/26 3:11 下午,
漏洞,RSGCLUXE-55,74934,"0721 【Uat】【R2】機台新遊戲 - 奢華-額外押分/購買特色界面,選取左側選項後,選項中間會出現綠色小勾",Gms,5d147d02e207030bd3c6bdd2,QA-Leo,712020:43438060-b8b0-4b3f-963e-fc65356d9672,Medium,結案,,22/七月/26 9:26 上午,24/七月/26 3:19 下午,
漏洞,RSGCLUXE-54,74933,"0721 【Uat】【R2】機台新遊戲 - 奢華-開啟額外押分/購買特色界面,仍可點擊界面外功能(選單/自動轉/bet表等)",Gms,5d147d02e207030bd3c6bdd2,QA-Leo,712020:43438060-b8b0-4b3f-963e-fc65356d9672,Medium,結案,,22/七月/26 9:20 上午,24/七月/26 3:23 下午,
漏洞,RSGCLUXE-53,74932,0721 【Uat】【R2】機台新遊戲 - 奢華-金框符號確認(倍數值超過25x即會顯示為彩金框),ChristineChiang,712020:c5e63bfe-ceb7-4718-91f9-29db95ee1349,QA-Leo,712020:43438060-b8b0-4b3f-963e-fc65356d9672,Medium,結案,,22/七月/26 9:16 上午,24/七月/26 3:25 下午,
漏洞,RSGCLUXE-52,74930,0721 【Uat】【R2】機台新遊戲 - 奢華-FG期待動畫閃光遮罩沒有整列滿版,cyanhsu,712020:741add0b-8775-4f87-9776-f4cb6ca24d10,QA-Leo,712020:43438060-b8b0-4b3f-963e-fc65356d9672,Medium,結案,,22/七月/26 9:10 上午,24/七月/26 3:36 下午,
漏洞,RSGCLUXE-51,74910,0721 【Uat】【R2】機台新遊戲 - 奢華-Trigger FG有贏分，停輪前/連線時斷連，回到遊戲後秀線分數異常,Gms,5d147d02e207030bd3c6bdd2,QA-Sean,712020:b375f0f5-88f2-47e8-a8c3-fd4117da78fa,Medium,結案,,21/七月/26 4:38 下午,24/七月/26 3:21 下午,
漏洞,RSGCLUXE-50,74892,"0716 【Uat】【R1】機台新遊戲 - 奢華-B1期待動畫中急停,會有短暫卡頓",cyanhsu,712020:741add0b-8775-4f87-9776-f4cb6ca24d10,QA-Leo,712020:43438060-b8b0-4b3f-963e-fc65356d9672,Medium,結案,,21/七月/26 2:09 下午,25/七月/26 12:41 下午,
改善,RSGCCHN-16,74864,0721 機台新遊戲 - 秦皇傳說 - FG 結算出現轉場前 會先顯示BaseGame畫面,Steve Yeh,712020:8dfb256b-ce1e-4d10-88d4-d74aba540cbe,Gms,5d147d02e207030bd3c6bdd2,Medium,完成,完成,21/七月/26 9:34 上午,21/七月/26 10:08 上午,
漏洞,RSGCLUXE-49,74841,"0716 【Uat】【R1】機台新遊戲 - 奢華-有連線贏分停輪後,如未再次點擊spin,應持續輪播秀線動畫",cyanhsu,712020:741add0b-8775-4f87-9776-f4cb6ca24d10,QA-Leo,712020:43438060-b8b0-4b3f-963e-fc65356d9672,Medium,結案,,20/七月/26 4:57 下午,24/七月/26 3:18 下午,
漏洞,RSGCLUXE-48,74836,0716 【Uat】【R1】機台新遊戲 - 奢華-特色JP顯示無千分位符號,Gms,5d147d02e207030bd3c6bdd2,QA-Leo,712020:43438060-b8b0-4b3f-963e-fc65356d9672,Medium,結案,,20/七月/26 4:03 下午,21/七月/26 5:13 下午,
漏洞,RSGCLUXE-47,74834,0716 【Uat】【R1】機台新遊戲 - 奢華 - 一擲千金觸發機率低 確認是否調整,ChristineChiang,712020:c5e63bfe-ceb7-4718-91f9-29db95ee1349,QA-Thomas,712020:a4ed337d-b668-43e3-9ff7-fa923c3e6f0a,Medium,結案,,20/七月/26 3:58 下午,21/七月/26 5:14 下午,
漏洞,RSGCLUXE-46,74830,0716 【Uat】【R1】機台新遊戲 - 奢華-大獎燈條播放與規格不符,Gms,5d147d02e207030bd3c6bdd2,QA-Leo,712020:43438060-b8b0-4b3f-963e-fc65356d9672,Medium,結案,,20/七月/26 3:45 下午,24/七月/26 3:17 下午,
漏洞,RSGCLUXE-45,74810,"0716 【Uat】【R1】機台新遊戲 - 奢華-FG內B1出現3個後,後續不應有期待動畫",Gms,5d147d02e207030bd3c6bdd2,QA-Leo,712020:43438060-b8b0-4b3f-963e-fc65356d9672,Medium,結案,,20/七月/26 11:33 上午,27/七月/26 10:45 上午,
漏洞,RSGCLUXE-44,74809,"0716 【Uat】【R1】機台新遊戲 - 奢華-有倍數贏分(無BIG WIN)+幸運草收集時,連線贏分會等待幸運草收集後才出現",cyanhsu,712020:741add0b-8775-4f87-9776-f4cb6ca24d10,QA-Leo,712020:43438060-b8b0-4b3f-963e-fc65356d9672,Medium,結案,,20/七月/26 10:57 上午,24/七月/26 3:14 下午,
漏洞,RSGCLUXE-43,74808,0716 【Uat】【R1】機台新遊戲 - 奢華-FG結束後，需要SPIN下一局，背景音樂才會變更為BG的音樂,cyanhsu,712020:741add0b-8775-4f87-9776-f4cb6ca24d10,QA-Sean,712020:b375f0f5-88f2-47e8-a8c3-fd4117da78fa,Medium,結案,,20/七月/26 10:12 上午,22/七月/26 10:41 上午,
漏洞,RSGCLUXE-42,74807,0716 【Uat】【R1】機台新遊戲 - 奢華-Spin後觸控螢幕無急停效果,Gms,5d147d02e207030bd3c6bdd2,QA-Leo,712020:43438060-b8b0-4b3f-963e-fc65356d9672,Medium,結案,,20/七月/26 9:59 上午,25/七月/26 12:37 下午,
漏洞,RSGCLUXE-41,74778,0716 【Uat】【R1】機台新遊戲 - 奢華-觸發免遊後斷線重連 JP金額有誤,Gms,5d147d02e207030bd3c6bdd2,QA-Thomas,712020:a4ed337d-b668-43e3-9ff7-fa923c3e6f0a,Medium,結案,,17/七月/26 5:13 下午,22/七月/26 11:14 上午,
漏洞,RSGCLUXE-40,74776,0716 【Uat】【R1】機台新遊戲 - 奢華-FG結束後，需要SPIN下一局，總分才會正確更新,cyanhsu,712020:741add0b-8775-4f87-9776-f4cb6ca24d10,QA-Sean,712020:b375f0f5-88f2-47e8-a8c3-fd4117da78fa,Medium,結案,,17/七月/26 5:02 下午,24/七月/26 2:46 下午,
漏洞,RSGCLUXE-39,74775,"0716 【Uat】【R1】機台新遊戲 - 奢華-Overview-英文-HELP多處'框'英文為""fram"",應為""frame""",Gene Huang,712020:9210c724-bb2a-4446-9f22-8bd2832cce5a,QA-Leo,712020:43438060-b8b0-4b3f-963e-fc65356d9672,Medium,結案,,17/七月/26 4:54 下午,24/七月/26 2:42 下午,
漏洞,RSGCLUXE-38,74774,0716 【Uat】【R1】機台新遊戲 - 奢華-英文-FG(絲絨之夜)-mechanice換行導致顯示me-chanice,ChristineChiang,712020:c5e63bfe-ceb7-4718-91f9-29db95ee1349,QA-Leo,712020:43438060-b8b0-4b3f-963e-fc65356d9672,Medium,結案,,17/七月/26 4:27 下午,22/七月/26 9:08 上午,
漏洞,RSGCLUXE-37,74773,"0716 【Uat】【R1】機台新遊戲 - 奢華-英文-購買免遊選單標題""BUY FEATURE""與規格不符",Gene Huang,712020:9210c724-bb2a-4446-9f22-8bd2832cce5a,QA-Leo,712020:43438060-b8b0-4b3f-963e-fc65356d9672,Medium,結案,,17/七月/26 4:06 下午,24/七月/26 2:40 下午,
漏洞,RSGCLUXE-36,74767,0716 【Uat】【R1】機台新遊戲 - 奢華 FG已達MAXWIN當有剩餘場數未轉時 是否需修改(10免費旋轉已玩)文案,Gms,5d147d02e207030bd3c6bdd2,QA-Thomas,712020:a4ed337d-b668-43e3-9ff7-fa923c3e6f0a,Medium,結案,,17/七月/26 3:31 下午,22/七月/26 8:21 上午,
漏洞,RSGCLUXE-35,74766,0716 【Uat】【R1】機台新遊戲 - 奢華-購買特色，調整BET後購買，上方JP金額不會隨BET調整而變動,Gms,5d147d02e207030bd3c6bdd2,QA-Sean,712020:b375f0f5-88f2-47e8-a8c3-fd4117da78fa,Medium,結案,,17/七月/26 3:30 下午,22/七月/26 11:32 上午,
漏洞,RSGCLUXE-34,74765,"0716 【Uat】【R1】機台新遊戲 - 奢華-FG內幸運草收集JP特色(MAXWIN)時,大獎動畫會在收集動畫前播放",cyanhsu,712020:741add0b-8775-4f87-9776-f4cb6ca24d10,QA-Leo,712020:43438060-b8b0-4b3f-963e-fc65356d9672,Medium,結案,,17/七月/26 2:39 下午,24/七月/26 3:44 下午,
漏洞,RSGCLUXE-33,74764,0716 【Uat】【R1】機台新遊戲 - 奢華-英文-遊戲說明-購買黑與金免費旋轉特色，購買倍率錯誤,Gene Huang,712020:9210c724-bb2a-4446-9f22-8bd2832cce5a,QA-Sean,712020:b375f0f5-88f2-47e8-a8c3-fd4117da78fa,Medium,結案,,17/七月/26 2:23 下午,22/七月/26 9:54 上午,
漏洞,RSGCLUXE-32,74763,0716 【Uat】【R1】機台新遊戲 - 奢華-英文-遊戲說明-黑與金的標題顯示為幸運草水晶，說明內文顯示為最大贏分的說明,Gene Huang,712020:9210c724-bb2a-4446-9f22-8bd2832cce5a,QA-Sean,712020:b375f0f5-88f2-47e8-a8c3-fd4117da78fa,Medium,結案,,17/七月/26 2:18 下午,22/七月/26 11:27 上午,
漏洞,RSGCLUXE-31,74761,0716 【Uat】【R1】機台新遊戲 - 奢華-遊戲說明-金框符號特色-彩金框圖示文字顯示「MAGA」,Gene Huang,712020:9210c724-bb2a-4446-9f22-8bd2832cce5a,QA-Sean,712020:b375f0f5-88f2-47e8-a8c3-fd4117da78fa,Medium,結案,,17/七月/26 2:13 下午,22/七月/26 11:25 上午,
漏洞,RSGCLUXE-30,74760,0716 【Uat】【R1】機台新遊戲 - 奢華-英文-FG1黑與金的Title顯示為黃金爆擊的文案,Gene Huang,712020:9210c724-bb2a-4446-9f22-8bd2832cce5a,QA-Sean,712020:b375f0f5-88f2-47e8-a8c3-fd4117da78fa,Medium,結案,,17/七月/26 2:03 下午,22/七月/26 11:06 上午,
漏洞,RSGCLUXE-29,74756,0716 【Uat】【R1】機台新遊戲 - 奢華-英文-廣告文未顯示完整,Gene Huang,712020:9210c724-bb2a-4446-9f22-8bd2832cce5a,QA-Sean,712020:b375f0f5-88f2-47e8-a8c3-fd4117da78fa,Medium,結案,,17/七月/26 1:54 下午,22/七月/26 11:03 上午,
漏洞,RSGCLUXE-28,74755,"0716 【Uat】【R1】機台新遊戲 - 奢華-進出遊戲後,盤面會變為初始盤面(應保留最後一局盤面)",Gms,5d147d02e207030bd3c6bdd2,QA-Leo,712020:43438060-b8b0-4b3f-963e-fc65356d9672,Medium,結案,,17/七月/26 1:49 下午,22/七月/26 11:00 上午,
漏洞,RSGCLUXE-27,74754,0716 【Uat】【R1】機台新遊戲 - 奢華-遊戲說明-加速觸發免費旋轉，額外押分倍率顯示錯誤,Gene Huang,712020:9210c724-bb2a-4446-9f22-8bd2832cce5a,QA-Sean,712020:b375f0f5-88f2-47e8-a8c3-fd4117da78fa,Medium,結案,,17/七月/26 1:49 下午,22/七月/26 9:55 上午,
漏洞,RSGCLUXE-26,74753,"0716 【Uat】【R1】機台新遊戲 - 奢華-FG內斷線重連,金框/倍數均會消失,下一把才會出現",Gms,5d147d02e207030bd3c6bdd2,QA-Leo,712020:43438060-b8b0-4b3f-963e-fc65356d9672,Medium,結案,,17/七月/26 1:45 下午,23/七月/26 11:25 上午,
漏洞,RSGCLUXE-25,74752,0716 【Uat】【R1】機台新遊戲 - 奢華-FG-Title顯示與Overview不同,Gene Huang,712020:9210c724-bb2a-4446-9f22-8bd2832cce5a,QA-Sean,712020:b375f0f5-88f2-47e8-a8c3-fd4117da78fa,Medium,結案,,17/七月/26 1:31 下午,22/七月/26 11:23 上午,
漏洞,RSGCLUXE-24,74751,"0716 【Uat】【R1】機台新遊戲 - 奢華-幸運草收集JP特色後,會導致該框後續出現JP特色均為壓暗",cyanhsu,712020:741add0b-8775-4f87-9776-f4cb6ca24d10,QA-Leo,712020:43438060-b8b0-4b3f-963e-fc65356d9672,Medium,結案,,17/七月/26 1:28 下午,24/七月/26 2:36 下午,
漏洞,RSGCLUXE-23,74750,0716 【Uat】【R1】機台新遊戲 - 奢華-購買特色-開始/取消按鈕文字顯示與Overview不同,Gene Huang,712020:9210c724-bb2a-4446-9f22-8bd2832cce5a,QA-Sean,712020:b375f0f5-88f2-47e8-a8c3-fd4117da78fa,Medium,結案,,17/七月/26 1:24 下午,22/七月/26 8:48 上午,
漏洞,RSGCLUXE-22,74746,0716 【Uat】【R1】機台新遊戲 - 奢華-觸發免遊後斷線重連 會跳回BG介面,Gms,5d147d02e207030bd3c6bdd2,QA-Thomas,712020:a4ed337d-b668-43e3-9ff7-fa923c3e6f0a,Medium,結案,,17/七月/26 11:50 上午,22/七月/26 8:40 上午,
漏洞,RSGCLUXE-21,74745,0716 【Uat】【R1】機台新遊戲 - 奢華-FG-大獎 MINI/MAJOR/MEGA，金框文字顯示錯誤,cyanhsu,712020:741add0b-8775-4f87-9776-f4cb6ca24d10,QA-Sean,712020:b375f0f5-88f2-47e8-a8c3-fd4117da78fa,Medium,結案,,17/七月/26 11:25 上午,22/七月/26 8:38 上午,
漏洞,RSGCLUXE-20,74744,"0716 【Uat】【R1】機台新遊戲 - 奢華-中MAXWIN JP時如盤面有其他贏分,下方贏分不應計算",Gms,5d147d02e207030bd3c6bdd2,QA-Leo,712020:43438060-b8b0-4b3f-963e-fc65356d9672,Medium,結案,,17/七月/26 11:22 上午,22/七月/26 9:42 上午,
漏洞,RSGCMC-128,74743,當觸發FG面板 按下服務燈再關閉 燈條只會一直顯示紅色,gao,712020:760509ab-5f7a-4366-a044-df0f69821759,QA-Thomas,712020:a4ed337d-b668-43e3-9ff7-fa923c3e6f0a,Medium,未解決問題,,17/七月/26 11:18 上午,17/七月/26 11:18 上午,
漏洞,RSGCLUXE-19,74742,0716 【Uat】【R1】機台新遊戲 - 奢華-秀線動畫位置偏移,cyanhsu,712020:741add0b-8775-4f87-9776-f4cb6ca24d10,QA-Leo,712020:43438060-b8b0-4b3f-963e-fc65356d9672,Medium,結案,,17/七月/26 10:45 上午,22/七月/26 8:37 上午,
漏洞,RSGCLUXE-18,74740,0716 【Uat】【R1】機台新遊戲 - 奢華-開啟額外壓分 自動按鈕、加減長按功能應禁能,Gms,5d147d02e207030bd3c6bdd2,QA-Thomas,712020:a4ed337d-b668-43e3-9ff7-fa923c3e6f0a,Medium,觀察中,,17/七月/26 10:40 上午,27/七月/26 1:51 下午,
漏洞,RSGCLUXE-17,74739,0716 【Uat】【R1】機台新遊戲 - 奢華-金框大獎和倍數有機會同時出現,cyanhsu,712020:741add0b-8775-4f87-9776-f4cb6ca24d10,QA-Sean,712020:b375f0f5-88f2-47e8-a8c3-fd4117da78fa,Medium,結案,,17/七月/26 10:33 上午,22/七月/26 10:55 上午,
漏洞,RSGCLUXE-16,74738,0716 【Uat】【R1】機台新遊戲 - 奢華 Overview贏分線繁體文案顯示簡體,Gene Huang,712020:9210c724-bb2a-4446-9f22-8bd2832cce5a,QA-Thomas,712020:a4ed337d-b668-43e3-9ff7-fa923c3e6f0a,Medium,結案,,17/七月/26 10:19 上午,22/七月/26 8:31 上午,
漏洞,RSGCLUXE-15,74737,"0716 【Uat】【R1】機台新遊戲 - 奢華-倍數無觸發命中沒升級時,轉動不應有升級動畫",cyanhsu,712020:741add0b-8775-4f87-9776-f4cb6ca24d10,QA-Leo,712020:43438060-b8b0-4b3f-963e-fc65356d9672,Medium,結案,,17/七月/26 9:34 上午,27/七月/26 2:27 下午,
漏洞,RSGCLUXE-14,74736,0716 【Uat】【R1】機台新遊戲 - 奢華-FG Retrigger沒有提示文案/動畫,Gms,5d147d02e207030bd3c6bdd2,QA-Leo,712020:43438060-b8b0-4b3f-963e-fc65356d9672,Medium,結案,,17/七月/26 9:09 上午,24/七月/26 2:16 下午,
漏洞,RSGCLUXE-13,74735,0716 【Uat】【R1】機台新遊戲 - 奢華-購買免遊時BetAmountInCash高於200無法透過實體按鈕切換為黃金爆擊選項,Gms,5d147d02e207030bd3c6bdd2,QA-Leo,712020:43438060-b8b0-4b3f-963e-fc65356d9672,Medium,結案,,17/七月/26 8:56 上午,21/七月/26 5:37 下午,
漏洞,RSGCLUXE-12,74734,0716 【Uat】【R1】機台新遊戲 - 奢華-JP特色觸發命中/刷新倍數後文案不會消失,cyanhsu,712020:741add0b-8775-4f87-9776-f4cb6ca24d10,QA-Leo,712020:43438060-b8b0-4b3f-963e-fc65356d9672,Medium,結案,,17/七月/26 8:54 上午,21/七月/26 5:36 下午,
漏洞,RSGCLUXE-11,74731,"0716 【Uat】【R1】機台新遊戲 - 奢華-FG(絲絨之夜)滾輪時,不應該有B1 symbol",cyanhsu,712020:741add0b-8775-4f87-9776-f4cb6ca24d10,QA-Leo,712020:43438060-b8b0-4b3f-963e-fc65356d9672,Medium,結案,,16/七月/26 8:02 下午,24/七月/26 2:08 下午,
漏洞,RSGCLUXE-10,74730,0716 【Uat】【R1】機台新遊戲 - 奢華-FG每局贏分均會從0開始計算,cyanhsu,712020:741add0b-8775-4f87-9776-f4cb6ca24d10,QA-Leo,712020:43438060-b8b0-4b3f-963e-fc65356d9672,Medium,結案,,16/七月/26 8:00 下午,24/七月/26 3:44 下午,
漏洞,RSGCLUXE-9,74729,"0716 【Uat】【R1】機台新遊戲 - 奢華-同一條贏分線,該格沒觸發連線,倍數也會升級",阿仁,712020:f6f5fdbb-bf5f-4d65-9648-d8fe549bd614,QA-Leo,712020:43438060-b8b0-4b3f-963e-fc65356d9672,Medium,結案,,16/七月/26 7:58 下午,24/七月/26 1:46 下午,
漏洞,RSGCLUXE-8,74728,0716 【Uat】【R1】機台新遊戲 - 奢華-Spin 不能跳過贏分/贏分線動畫/大獎動畫,cyanhsu,712020:741add0b-8775-4f87-9776-f4cb6ca24d10,QA-Leo,712020:43438060-b8b0-4b3f-963e-fc65356d9672,Medium,結案,,16/七月/26 7:44 下午,24/七月/26 1:39 下午,
漏洞,RSGCLUXE-7,74727,"0716 【Uat】【R1】機台新遊戲 - 奢華-一擲千金,金框轉動時應直接顯示MAXWIN",cyanhsu,712020:741add0b-8775-4f87-9776-f4cb6ca24d10,QA-Leo,712020:43438060-b8b0-4b3f-963e-fc65356d9672,Medium,結案,,16/七月/26 7:34 下午,21/七月/26 5:51 下午,
漏洞,RSGCLUXE-6,74726,0716 【Uat】【R1】機台新遊戲 - 奢華-特色JP文案顯示錯誤,cyanhsu,712020:741add0b-8775-4f87-9776-f4cb6ca24d10,QA-Leo,712020:43438060-b8b0-4b3f-963e-fc65356d9672,Medium,結案,,16/七月/26 7:30 下午,21/七月/26 5:35 下午,
漏洞,RSGCLUXE-5,74725,0716 【Uat】【R1】機台新遊戲 - 奢華-額外押分倍數確認,Gene Huang,712020:9210c724-bb2a-4446-9f22-8bd2832cce5a,QA-Leo,712020:43438060-b8b0-4b3f-963e-fc65356d9672,Medium,結案,,16/七月/26 7:24 下午,21/七月/26 5:11 下午,
漏洞,RSGCLUXE-4,74724,0716 【Uat】【R1】機台新遊戲 - 奢華-幸運草收集不會演示大獎動畫,cyanhsu,712020:741add0b-8775-4f87-9776-f4cb6ca24d10,QA-Leo,712020:43438060-b8b0-4b3f-963e-fc65356d9672,Medium,結案,,16/七月/26 7:03 下午,24/七月/26 3:43 下午,
漏洞,RSGCLUXE-3,74723,0716 【Uat】【R1】機台新遊戲 - 奢華-開啟額外押分上方jp會顯示成額外押分*倍數贏分（應顯示原bet贏分）,Gms,5d147d02e207030bd3c6bdd2,QA-Leo,712020:43438060-b8b0-4b3f-963e-fc65356d9672,Medium,結案,,16/七月/26 7:00 下午,21/七月/26 5:10 下午,
漏洞,RSGCLUXE-2,74722,0716 【Uat】【R1】機台新遊戲 - 奢華-開啟一擲千金如押分過大會導致押分顯示重疊上下箭頭,Gms,5d147d02e207030bd3c6bdd2,QA-Leo,712020:43438060-b8b0-4b3f-963e-fc65356d9672,Medium,結案,,16/七月/26 6:57 下午,24/七月/26 11:33 上午,
漏洞,RSGCSA2-13,74721,0716【Uat】【R2】機台新遊戲 - 超級王牌2 斷線重連後 FG上方牌靴無發牌動畫,LuluHsu,712020:e0539f60-c2ea-4126-91fc-2e267711c91b,QA-Thomas,712020:a4ed337d-b668-43e3-9ff7-fa923c3e6f0a,Medium,結案,,16/七月/26 6:55 下午,21/七月/26 4:11 下午,
漏洞,RSGCLUXE-1,74720,"0716 【Uat】【R1】機台新遊戲 - 奢華-啟用額外押分,進入說明頁時按鈕仍為亮起狀態",Gms,5d147d02e207030bd3c6bdd2,QA-Leo,712020:43438060-b8b0-4b3f-963e-fc65356d9672,Medium,結案,,16/七月/26 6:49 下午,21/七月/26 5:07 下午,
漏洞,RSGCSA2-12,74719,0716【Uat】【R2】機台新遊戲 - 超級王牌2 購買免遊按下確認SPIN無音效,LuluHsu,712020:e0539f60-c2ea-4126-91fc-2e267711c91b,QA-Thomas,712020:a4ed337d-b668-43e3-9ff7-fa923c3e6f0a,Medium,結案,,16/七月/26 6:44 下午,21/七月/26 4:08 下午,
漏洞,RSGCMC-127,74681,0716【Prod】版本升級測試 - V16-正式站後台贏輸報表沒有秦皇傳說/賞金獵人欄位,Crimson 丹合,712020:363a0144-b688-4c80-b105-43b49fbefa89,QA-Leo,712020:43438060-b8b0-4b3f-963e-fc65356d9672,Medium,已解決,,16/七月/26 1:51 下午,20/七月/26 1:09 下午,
漏洞,RSGCBH-11,74657,"賞金獵人機台更版後,首次spin會卡在旋轉流程",Gms,5d147d02e207030bd3c6bdd2,QA-Leo,712020:43438060-b8b0-4b3f-963e-fc65356d9672,Medium,未解決問題,,15/七月/26 2:55 下午,15/七月/26 2:55 下午,
漏洞,RSGCSA2-11,74651,0713【Uat】【R1】機台新遊戲 - 超級王牌2 Mega跟Super音效 最後有重複撥放一小段,華華,712020:73f12dd5-be48-484c-bb50-e35425d9c0b2,QA-Thomas,712020:a4ed337d-b668-43e3-9ff7-fa923c3e6f0a,Medium,結案,,15/七月/26 11:57 上午,16/七月/26 6:13 下午,
漏洞,RSGCSA2-10,74632,0713【Uat】【R1】機台新遊戲 - 超級王牌2-中JP後點擊SPIN，會播放兩次關閉音效,LuluHsu,712020:e0539f60-c2ea-4126-91fc-2e267711c91b,QA-Sean,712020:b375f0f5-88f2-47e8-a8c3-fd4117da78fa,Medium,結案,,14/七月/26 2:14 下午,16/七月/26 6:22 下午,
漏洞,RSGCSA2-9,74629,"0713【Uat】【R1】機台新遊戲 - 超級王牌2-spin後，在滾停前點擊 ""滾輪區域"" 的任意位置，未有即停效果",LuluHsu,712020:e0539f60-c2ea-4126-91fc-2e267711c91b,QA-Sean,712020:b375f0f5-88f2-47e8-a8c3-fd4117da78fa,Medium,觀察中,,14/七月/26 1:56 下午,15/七月/26 10:11 上午,
漏洞,RSGCSA2-8,74628,"0713【Uat】【R1】機台新遊戲 - 超級王牌2-進FG盤面如同時出現大小王wild,此時小王wild無須連線贏分也會亮起",LuluHsu,712020:e0539f60-c2ea-4126-91fc-2e267711c91b,QA-Leo,712020:43438060-b8b0-4b3f-963e-fc65356d9672,Medium,結案,,14/七月/26 1:53 下午,16/七月/26 7:20 下午,
漏洞,RSGCSA2-7,74626,0713【Uat】【R1】機台新遊戲 - 超級王牌2-第一次轉動有卡頓情況,kemeterchang,712020:89412c0f-f142-4686-9760-6139539212fe,QA-Leo,712020:43438060-b8b0-4b3f-963e-fc65356d9672,Medium,觀察中,,14/七月/26 1:34 下午,14/七月/26 2:23 下午,
漏洞,RSGCSA2-6,74625,0713【Uat】【R1】機台新遊戲 - 超級王牌2-免遊結算面版 跑分時顯示很慢,LuluHsu,712020:e0539f60-c2ea-4126-91fc-2e267711c91b,QA-darwin,712020:854bc137-7e5c-4296-b626-473dec40e4ea,Medium,觀察中,,14/七月/26 1:32 下午,15/七月/26 10:16 上午,
漏洞,RSGCSA2-5,74624,0713【Uat】【R1】機台新遊戲 - 超級王牌2-免遊結算面版 跑分時無法點擊跳過,華華,712020:73f12dd5-be48-484c-bb50-e35425d9c0b2,QA-darwin,712020:854bc137-7e5c-4296-b626-473dec40e4ea,Medium,觀察中,,14/七月/26 1:26 下午,14/七月/26 1:43 下午,
漏洞,RSGCSA2-4,74623,"0713【Uat】【R1】機台新遊戲 - 超級王牌2-離開免遊後,後續spin上方牌靴無發牌動畫",LuluHsu,712020:e0539f60-c2ea-4126-91fc-2e267711c91b,QA-Leo,712020:43438060-b8b0-4b3f-963e-fc65356d9672,Medium,結案,,14/七月/26 11:58 上午,16/七月/26 6:50 下午,
漏洞,RSGCSA2-3,74622,"0713【Uat】【R1】機台新遊戲 - 超級王牌2-進入免遊 斷線重連後""額外押分""按鈕消失",LuluHsu,712020:e0539f60-c2ea-4126-91fc-2e267711c91b,QA-Leo,712020:43438060-b8b0-4b3f-963e-fc65356d9672,Medium,結案,,14/七月/26 11:40 上午,16/七月/26 6:31 下午,
漏洞,RSGCSA2-2,74619,0713【Uat】【R1】機台新遊戲 - 超級王牌2-繁中-額外押分，開啟提示文字顯示與Overview不符,LuluHsu,712020:e0539f60-c2ea-4126-91fc-2e267711c91b,QA-Sean,712020:b375f0f5-88f2-47e8-a8c3-fd4117da78fa,Medium,結案,,14/七月/26 10:44 上午,16/七月/26 6:33 下午,
漏洞,RSGCSA2-1,74578,0713【Uat】【R1】機台新遊戲 - 超級王牌2 BONUS Symbol壓到文字,華華,712020:73f12dd5-be48-484c-bb50-e35425d9c0b2,QA-Thomas,712020:a4ed337d-b668-43e3-9ff7-fa923c3e6f0a,Medium,結案,,13/七月/26 5:24 下午,16/七月/26 6:14 下午,
漏洞,RSGCCHN-15,74568,0709【Uat】【R1】機台新遊戲 - 秦皇傳說-斷線重連 有贏分、BigWin觸發FG 贏分的滾分動畫會再次滾動,Steve Yeh,712020:8dfb256b-ce1e-4d10-88d4-d74aba540cbe,QA-Thomas,712020:a4ed337d-b668-43e3-9ff7-fa923c3e6f0a,Medium,結案,,13/七月/26 11:36 上午,14/七月/26 4:53 下午,
漏洞,RSGCCHN-14,74567,0709【Uat】【R1】機台新遊戲 - 秦皇傳說-斷線重連-滾動中BG有贏分(Bigwin) 會顯示M1*6的金額,Steve Yeh,712020:8dfb256b-ce1e-4d10-88d4-d74aba540cbe,QA-Thomas,712020:a4ed337d-b668-43e3-9ff7-fa923c3e6f0a,Medium,結案,,13/七月/26 11:02 上午,14/七月/26 4:56 下午,
漏洞,RSGCCHN-13,74562,0709【Uat】【R1】機台新遊戲 - 秦皇傳說-FG-「累計局數」用字與Overview不同,華華,712020:73f12dd5-be48-484c-bb50-e35425d9c0b2,QA-Sean,712020:b375f0f5-88f2-47e8-a8c3-fd4117da78fa,Medium,結案,,13/七月/26 10:17 上午,14/七月/26 4:09 下午,
漏洞,RSGCSC-102,74539,全遊戲-斷電重連-會導致遊戲中機台右側按鈕無禁能,Gms,5d147d02e207030bd3c6bdd2,QA-Leo,712020:43438060-b8b0-4b3f-963e-fc65356d9672,Medium,未解決問題,,10/七月/26 3:48 下午,10/七月/26 3:48 下午,
漏洞,RSGCSC-101,74536,"全遊戲-購買特色頁面未關閉時,可點擊自動轉按鈕(該把bet可低於 BG最小押注額)",Gms,5d147d02e207030bd3c6bdd2,QA-Leo,712020:43438060-b8b0-4b3f-963e-fc65356d9672,Medium,未解決問題,,10/七月/26 3:44 下午,10/七月/26 3:44 下午,
漏洞,RSGCCHN-12,74519,"0709【Uat】【R1】機台新遊戲 - 秦皇傳說-COMBO場次超過10時,文案跟場次會重疊顯示",Steve Yeh,712020:8dfb256b-ce1e-4d10-88d4-d74aba540cbe,QA-Leo,712020:43438060-b8b0-4b3f-963e-fc65356d9672,Medium,結案,,10/七月/26 2:52 下午,14/七月/26 4:31 下午,
漏洞,RSGCCHN-11,74507,"0709【Uat】【R1】機台新遊戲 - 秦皇傳說-首次進入遊戲開啟購買免遊選單上方會顯示押分cash,而不是實際購買cash",Steve Yeh,712020:8dfb256b-ce1e-4d10-88d4-d74aba540cbe,QA-Leo,712020:43438060-b8b0-4b3f-963e-fc65356d9672,Medium,結案,,10/七月/26 11:43 上午,14/七月/26 4:29 下午,
漏洞,RSGCCHN-10,74500,"0709【Uat】【R1】機台新遊戲 - 秦皇傳說-快速開啟/關閉自動轉,部份實體按鈕會亮起(但僅大廳按鈕有作用)",Steve Yeh,712020:8dfb256b-ce1e-4d10-88d4-d74aba540cbe,QA-Leo,712020:43438060-b8b0-4b3f-963e-fc65356d9672,Medium,結案,,09/七月/26 11:26 下午,14/七月/26 4:51 下午,
漏洞,RSGCCHN-9,74498,0709【Uat】【R1】機台新遊戲 - 秦皇傳說-免遊結束動畫上方會有橫線,Steve Yeh,712020:8dfb256b-ce1e-4d10-88d4-d74aba540cbe,QA-Leo,712020:43438060-b8b0-4b3f-963e-fc65356d9672,Medium,結案,,09/七月/26 9:55 下午,14/七月/26 4:20 下午,
漏洞,RSGCCHN-8,74497,"0709【Uat】【R1】機台新遊戲 - 免遊倍數高於100,會遮擋到場次文案",Steve Yeh,712020:8dfb256b-ce1e-4d10-88d4-d74aba540cbe,QA-Leo,712020:43438060-b8b0-4b3f-963e-fc65356d9672,Medium,觀察中,,09/七月/26 9:54 下午,21/七月/26 10:10 上午,
漏洞,RSGCCHN-7,74494,"0709【Uat】【R1】機台新遊戲 - FG內大獎贏分動畫滾動時,會將該局贏分重新加上,滾動後下一把才扣回",Steve Yeh,712020:8dfb256b-ce1e-4d10-88d4-d74aba540cbe,QA-Leo,712020:43438060-b8b0-4b3f-963e-fc65356d9672,Medium,結案,,09/七月/26 9:05 下午,14/七月/26 5:03 下午,
漏洞,RSGCCHN-6,74493,0709【Uat】【R1】機台新遊戲 - 大獎滾分動畫異常,Steve Yeh,712020:8dfb256b-ce1e-4d10-88d4-d74aba540cbe,QA-Leo,712020:43438060-b8b0-4b3f-963e-fc65356d9672,Medium,結案,,09/七月/26 8:18 下午,14/七月/26 4:27 下午,
漏洞,RSGCCHN-5,74492,0709【Uat】【R1】機台新遊戲 - 秦皇傳說-大獎倍率與規格不符,Steve Yeh,712020:8dfb256b-ce1e-4d10-88d4-d74aba540cbe,QA-Leo,712020:43438060-b8b0-4b3f-963e-fc65356d9672,Medium,結案,,09/七月/26 8:11 下午,14/七月/26 5:34 下午,
漏洞,RSGCCHN-4,74489,"0709【Uat】【R1】機台新遊戲 - 秦皇傳說-觸控購買特色沒放開時,可點擊打開bet/面額選單更改下注額",Steve Yeh,712020:8dfb256b-ce1e-4d10-88d4-d74aba540cbe,QA-Leo,712020:43438060-b8b0-4b3f-963e-fc65356d9672,Medium,結案,,09/七月/26 6:57 下午,14/七月/26 4:49 下午,
漏洞,RSGCCHN-3,74483,0709【Uat】【R1】機台新遊戲 - 秦皇傳說-進入FG未顯示CONGRATULATIONS字樣,華華,712020:73f12dd5-be48-484c-bb50-e35425d9c0b2,QA-Thomas,712020:a4ed337d-b668-43e3-9ff7-fa923c3e6f0a,Medium,結案,,09/七月/26 5:46 下午,14/七月/26 4:21 下午,
漏洞,RSGCSC-100,74481,"全遊戲-購買特色頁面未關閉時,可點擊自動轉按鈕(此會導致購買特色按鈕亮起)",Gms,5d147d02e207030bd3c6bdd2,QA-Leo,712020:43438060-b8b0-4b3f-963e-fc65356d9672,Medium,未解決問題,,09/七月/26 5:26 下午,10/七月/26 3:40 下午,
漏洞,RSGCCHN-1,74478,0709【Uat】【R1】機台新遊戲 - 秦皇傳說-進免遊斷線重連後購買特色按鈕會亮起,Steve Yeh,712020:8dfb256b-ce1e-4d10-88d4-d74aba540cbe,QA-Leo,712020:43438060-b8b0-4b3f-963e-fc65356d9672,Medium,觀察中,,09/七月/26 4:39 下午,21/七月/26 10:11 上午,
漏洞,RSGCBOS2-48,74431,"0707 【Uat】【R3】機台新遊戲 - 決戰賽特2-鎖定倍數球分裂時斷線重連後,外框顏色顯示會往上+1級距",阿牛,70121:ff51f7a7-1a6d-4899-a0f2-5e88820af6d3,QA-Leo,712020:43438060-b8b0-4b3f-963e-fc65356d9672,Medium,結案,,08/七月/26 4:41 下午,21/七月/26 10:44 上午,
漏洞,RSGCSC-98,74418,"0707 全遊戲-切換說明頁時按下實體按鈕""大廳""會導致下次開啟說明頁卡在換頁過程",Gms,5d147d02e207030bd3c6bdd2,QA-Leo,712020:43438060-b8b0-4b3f-963e-fc65356d9672,Medium,未解決問題,,08/七月/26 3:39 下午,08/七月/26 3:39 下午,
漏洞,RSGCBOS2-47,74398,"0707 【Uat】【R3】機台新遊戲 - 決戰賽特2-B1收集贏分同時盤面有倍數球,收集動畫會顯示為""0""*倍數",阿牛,70121:ff51f7a7-1a6d-4899-a0f2-5e88820af6d3,QA-Leo,712020:43438060-b8b0-4b3f-963e-fc65356d9672,Medium,結案,,08/七月/26 11:36 上午,21/七月/26 10:14 上午,
漏洞,RSGCSC-97,74388,0707 麻將發了、麻將發了2、賞金獵人-第一次轉動急停會有卡頓情況,Gms,5d147d02e207030bd3c6bdd2,QA-Leo,712020:43438060-b8b0-4b3f-963e-fc65356d9672,Medium,未解決問題,,07/七月/26 9:47 下午,14/七月/26 1:32 下午,
漏洞,RSGCBOS2-46,74386,"0707 【Uat】【R3】機台新遊戲 - 決戰賽特2-鎖定倍數球,最後一把鎖定被收集時斷線重連,此時倍數球上數字會重新出現",阿牛,70121:ff51f7a7-1a6d-4899-a0f2-5e88820af6d3,QA-Leo,712020:43438060-b8b0-4b3f-963e-fc65356d9672,Medium,結案,,07/七月/26 9:01 下午,21/七月/26 10:30 上午,
漏洞,RSGCSC-99,74384,"0708  全遊戲-使用低於BG押分購買免遊,最後一把斷線重連會導致餘額贏分BET異常",Gms,5d147d02e207030bd3c6bdd2,QA-Leo,712020:43438060-b8b0-4b3f-963e-fc65356d9672,Medium,未解決問題,,07/七月/26 7:50 下午,08/七月/26 5:20 下午,
漏洞,RSGCBOS2-44,74382,"0707 【Uat】【R3】機台新遊戲 - 決戰賽特2-免遊內有大獎,斷線重連回到BG大獎動畫播放時購買特色可點擊(無作用)",阿牛,70121:ff51f7a7-1a6d-4899-a0f2-5e88820af6d3,QA-Leo,712020:43438060-b8b0-4b3f-963e-fc65356d9672,Medium,結案,,07/七月/26 7:03 下午,21/七月/26 10:37 上午,
漏洞,RSGCBOS2-43,74373,"0707 【Uat】【R3】機台新遊戲 - 決戰賽特2-L1升級變色後分裂,分裂後的倍數球會是上個級距的顏色",阿牛,70121:ff51f7a7-1a6d-4899-a0f2-5e88820af6d3,QA-Leo,712020:43438060-b8b0-4b3f-963e-fc65356d9672,Medium,結案,,07/七月/26 4:43 下午,21/七月/26 10:34 上午,
漏洞,RSGCBOS2-42,74339,0707 【Uat】【R3】機台新遊戲 - 決戰賽特2-倍數分裂/鎖定倍數收集時斷線重連 會導致無法進入遊戲/餘額贏分異常,阿牛,70121:ff51f7a7-1a6d-4899-a0f2-5e88820af6d3,QA-Leo,712020:43438060-b8b0-4b3f-963e-fc65356d9672,Medium,結案,,07/七月/26 11:55 上午,08/七月/26 11:06 上午,
漏洞,RSGCBOS2-41,74313,"0703 【Uat】【R2】機台新遊戲 - 決戰賽特2-如該局免遊已有贏分,此時Retrigger上方贏分會改為顯示該局總贏分",阿牛,70121:ff51f7a7-1a6d-4899-a0f2-5e88820af6d3,QA-Leo,712020:43438060-b8b0-4b3f-963e-fc65356d9672,Medium,結案,,06/七月/26 5:49 下午,08/七月/26 11:19 上午,
漏洞,RSGCBOS2-40,74309,"0703 【Uat】【R2】機台新遊戲 - 決戰賽特2-Trigger FG時如有大獎動畫,此時跑馬燈不會加上Bonus贏分",阿牛,70121:ff51f7a7-1a6d-4899-a0f2-5e88820af6d3,QA-Leo,712020:43438060-b8b0-4b3f-963e-fc65356d9672,Medium,結案,,06/七月/26 4:57 下午,08/七月/26 12:02 下午,
漏洞,RSGCBOS2-39,74300,0703 【Uat】【R2】機台新遊戲 - 決戰賽特2-倍數球鎖定框重連後顏色錯誤,阿牛,70121:ff51f7a7-1a6d-4899-a0f2-5e88820af6d3,QA-Leo,712020:43438060-b8b0-4b3f-963e-fc65356d9672,Medium,結案,,06/七月/26 3:46 下午,07/七月/26 2:39 下午,
漏洞,RSGCBOS2-38,74202,0625【Uat】機台新遊戲 - 決戰賽特2-燈條顯示與規格不符,gao,712020:760509ab-5f7a-4366-a044-df0f69821759,QA-Leo,712020:43438060-b8b0-4b3f-963e-fc65356d9672,Medium,結案,,02/七月/26 4:55 下午,08/七月/26 2:39 下午,
漏洞,RSGCSC-96,74172,0702 機台遊戲卡住異常,Gms,5d147d02e207030bd3c6bdd2,Mark Chen,712020:cadd47e2-593f-4682-8a1b-fbb0d12ae649,Medium,未解決問題,,02/七月/26 1:56 下午,02/七月/26 2:09 下午,
改善,RSGCSC-95,74151,0702 Jackpot滾分時進行斷線重連，不會被截圖到,Gms,5d147d02e207030bd3c6bdd2,Mark Chen,712020:cadd47e2-593f-4682-8a1b-fbb0d12ae649,Medium,待辦,,02/七月/26 11:12 上午,02/七月/26 11:17 上午,
漏洞,RSGCMC-126,74141,"進入免遊時,偶發出現無法透過觸控""開始""進入免遊情況",Crimson 丹合,712020:363a0144-b688-4c80-b105-43b49fbefa89,QA-Leo,712020:43438060-b8b0-4b3f-963e-fc65356d9672,Medium,未解決問題,,02/七月/26 9:46 上午,02/七月/26 9:46 上午,
改善,RSGCSC-94,74082,0701 購買特色在調整Bet時，會將預選的狀態清除,Gms,5d147d02e207030bd3c6bdd2,Mark Chen,712020:cadd47e2-593f-4682-8a1b-fbb0d12ae649,Medium,待辦,,01/七月/26 11:22 上午,01/七月/26 11:49 上午,
漏洞,RSGCBOS2-37,74048,0625【Uat】機台新遊戲 - 決戰賽特2-FG結束回到BG，該場結算/BIG WIN時進行斷線重連，回到遊戲時贏分會顯示FG得分,阿牛,70121:ff51f7a7-1a6d-4899-a0f2-5e88820af6d3,QA-Sean,712020:b375f0f5-88f2-47e8-a8c3-fd4117da78fa,Medium,結案,,30/六月/26 4:01 下午,06/七月/26 4:31 下午,
漏洞,RSGCBOS2-36,74046,0625【Uat】機台新遊戲 - 決戰賽特2-拉中JP，JP滾分中斷線重連，回到遊戲時BET顯示為初始BET,Gms,5d147d02e207030bd3c6bdd2,QA-Sean,712020:b375f0f5-88f2-47e8-a8c3-fd4117da78fa,Medium,結案,,30/六月/26 3:54 下午,07/七月/26 2:33 下午,
漏洞,RSGCBOS2-35,74044,0625【Uat】機台新遊戲 - 決戰賽特2-BG當局有贏分且拉中JP，停輪前/symbol消除中進行斷線重連，回到遊戲時仍會繼續消除並顯示相關贏分動畫,阿牛,70121:ff51f7a7-1a6d-4899-a0f2-5e88820af6d3,QA-Sean,712020:b375f0f5-88f2-47e8-a8c3-fd4117da78fa,Medium,結案,,30/六月/26 3:52 下午,06/七月/26 4:34 下午,
漏洞,RSGCBOS2-34,74042,0625【Uat】機台新遊戲 - 決戰賽特2-SPIN當局有贏分，停輪後調整BET後斷線重連，回到遊戲時贏分顯示0,阿牛,70121:ff51f7a7-1a6d-4899-a0f2-5e88820af6d3,QA-Sean,712020:b375f0f5-88f2-47e8-a8c3-fd4117da78fa,Medium,結案,,30/六月/26 3:30 下午,06/七月/26 4:34 下午,
漏洞,RSGCBOS2-33,74040,0625【Uat】機台新遊戲 - 決戰賽特2-SPIN當局有贏分，表演結束後IDLE狀態下進行斷線重連，回到遊戲時贏分顯示0且BET顯示初始BET,Gms,5d147d02e207030bd3c6bdd2,QA-Sean,712020:b375f0f5-88f2-47e8-a8c3-fd4117da78fa,Medium,結案,,30/六月/26 3:27 下午,06/七月/26 4:33 下午,
漏洞,RSGCBOS2-32,74038,0625【Uat】機台新遊戲 - 決戰賽特2-SPIN當局無贏分，停輪後進行斷線重連，回到遊戲時BET顯示初始BET而非斷連前原BET,Gms,5d147d02e207030bd3c6bdd2,QA-Sean,712020:b375f0f5-88f2-47e8-a8c3-fd4117da78fa,Medium,結案,,30/六月/26 3:24 下午,06/七月/26 4:24 下午,
漏洞,RSGCBOS2-31,74025,"0625【Uat】機台新遊戲 - 決戰賽特2-Spin掉落時,會有殘餘盤面",阿牛,70121:ff51f7a7-1a6d-4899-a0f2-5e88820af6d3,QA-lilyxue,712020:86477558-f0c1-418e-912c-404a71e564bf,Medium,結案,,30/六月/26 1:20 下午,06/七月/26 4:29 下午,
漏洞,RSGCMC-125,74015,"0629 【Uat-Prod】V15新增功能合併測試-進入遊戲時出現畫面仍停留在大廳情況(此時點擊畫面無作用,重啟後自動進入遊戲)",Crimson 丹合,712020:363a0144-b688-4c80-b105-43b49fbefa89,QA-Leo,712020:43438060-b8b0-4b3f-963e-fc65356d9672,Medium,未解決問題,,30/六月/26 9:47 上午,30/六月/26 3:15 下午,
漏洞,RSGCMC-124,74013,0629 【Uat-Prod】V15新增功能合併測試-進入遊戲偶發出現錯誤提示(Code:-999),Crimson 丹合,712020:363a0144-b688-4c80-b105-43b49fbefa89,QA-Leo,712020:43438060-b8b0-4b3f-963e-fc65356d9672,Medium,未解決問題,,30/六月/26 9:45 上午,30/六月/26 3:15 下午,
漏洞,RSGCMC-123,74011,0629 【Uat-Prod】V15新增功能合併測試-Spin時偶發出現網路異常錯誤(Code:-1011),Crimson 丹合,712020:363a0144-b688-4c80-b105-43b49fbefa89,QA-Leo,712020:43438060-b8b0-4b3f-963e-fc65356d9672,Medium,未解決問題,,30/六月/26 9:43 上午,30/六月/26 3:14 下午,
漏洞,RSGCBOS2-30,73991,0625【Uat】機台新遊戲 - 決戰賽特2-FG內 retrigger且有其他贏分時斷線重連，回到遊戲後Credit顯示異常,阿牛,70121:ff51f7a7-1a6d-4899-a0f2-5e88820af6d3,QA-Sean,712020:b375f0f5-88f2-47e8-a8c3-fd4117da78fa,Medium,結案,,29/六月/26 4:42 下午,06/七月/26 4:42 下午,
漏洞,RSGCBOS2-29,73984,0625【Uat】機台新遊戲 - 決戰賽特2-BG trigger FG 且有其他贏分時，於Bonus動畫表演前斷線重連，回到遊戲後Credit不會加上Scatter的分數,阿牛,70121:ff51f7a7-1a6d-4899-a0f2-5e88820af6d3,QA-Sean,712020:b375f0f5-88f2-47e8-a8c3-fd4117da78fa,Medium,結案,,29/六月/26 2:47 下午,06/七月/26 4:43 下午,
漏洞,RSGCBOS2-28,73939,0625【Uat】機台新遊戲 - 決戰賽特2-trigger FG時斷線重連，回到遊戲後不會播放SYMBOL動畫就彈出FG場次面板,阿牛,70121:ff51f7a7-1a6d-4899-a0f2-5e88820af6d3,QA-Sean,712020:b375f0f5-88f2-47e8-a8c3-fd4117da78fa,Medium,結案,,29/六月/26 11:24 上午,06/七月/26 4:38 下午,
漏洞,RSGCBOS2-27,73908,0625【Uat】機台新遊戲 - 決戰賽特2-購買特色-全面覺醒/終極決戰，使用押分低於overview設定的maxbet，無法購買,SimonHou,5f150b9f7e510c00156a3d18,QA-Sean,712020:b375f0f5-88f2-47e8-a8c3-fd4117da78fa,Medium,結案,,26/六月/26 4:09 下午,06/七月/26 4:18 下午,
漏洞,RSGCBOS2-26,73907,0625【Uat】機台新遊戲 - 決戰賽特2-終極決戰-觸發女賽特每把贏分均會直接加入餘額,阿牛,70121:ff51f7a7-1a6d-4899-a0f2-5e88820af6d3,QA-Leo,712020:43438060-b8b0-4b3f-963e-fc65356d9672,Medium,結案,,26/六月/26 4:02 下午,06/七月/26 4:11 下午,
漏洞,RSGCBOS2-25,73904,0625【Uat】機台新遊戲 - 決戰賽特2-進出免遊數字(場次/贏分)比動畫提早出現,阿牛,70121:ff51f7a7-1a6d-4899-a0f2-5e88820af6d3,QA-Leo,712020:43438060-b8b0-4b3f-963e-fc65356d9672,Medium,結案,,26/六月/26 3:24 下午,06/七月/26 11:56 上午,
漏洞,RSGCBOS2-24,73903,"0625【Uat】機台新遊戲 - 決戰賽特2-升級倍數球,鎖定且分裂時,不會同步升級",阿牛,70121:ff51f7a7-1a6d-4899-a0f2-5e88820af6d3,QA-Leo,712020:43438060-b8b0-4b3f-963e-fc65356d9672,Medium,結案,,26/六月/26 3:08 下午,06/七月/26 4:07 下午,
漏洞,RSGCBOS2-23,73900,0625【Uat】機台新遊戲 - 決戰賽特2-終極決戰出現鎖定時，下方贏分均會先歸0再一次加總,阿牛,70121:ff51f7a7-1a6d-4899-a0f2-5e88820af6d3,QA-Sean,712020:b375f0f5-88f2-47e8-a8c3-fd4117da78fa,Medium,結案,,26/六月/26 3:04 下午,06/七月/26 4:13 下午,
漏洞,RSGCBH-10,73899,0624【Uat】機台新遊戲 - 賞金獵人-靜態轉動態圖片有色差,Jenny Dai,712020:76c4490a-909d-4b6c-8e43-763fa4da4101,QA-Thomas,712020:a4ed337d-b668-43e3-9ff7-fa923c3e6f0a,Medium,結案,,26/六月/26 2:52 下午,03/七月/26 5:07 下午,
漏洞,RSGCBOS2-22,73869,0625【Uat】機台新遊戲 - 決戰賽特2-男賽特手部動畫異常,阿牛,70121:ff51f7a7-1a6d-4899-a0f2-5e88820af6d3,QA-Leo,712020:43438060-b8b0-4b3f-963e-fc65356d9672,Medium,結案,,26/六月/26 2:36 下午,03/七月/26 5:19 下午,
漏洞,RSGCBOS2-21,73821,"0625【Uat】機台新遊戲 - 決戰賽特2-斷線重連後""總倍數""區塊消失",阿牛,70121:ff51f7a7-1a6d-4899-a0f2-5e88820af6d3,QA-Leo,712020:43438060-b8b0-4b3f-963e-fc65356d9672,Medium,結案,,26/六月/26 12:11 下午,06/七月/26 2:35 下午,
漏洞,RSGCBOS2-20,73818,"0625【Uat】機台新遊戲 - 決戰賽特2-鎖定倍數特色升級時,倍數球顏色不會變化",阿牛,70121:ff51f7a7-1a6d-4899-a0f2-5e88820af6d3,QA-Leo,712020:43438060-b8b0-4b3f-963e-fc65356d9672,Medium,結案,,26/六月/26 10:35 上午,06/七月/26 2:50 下午,
漏洞,RSGCBOS2-19,73817,0625【Uat】機台新遊戲 - 決戰賽特2-多語系-FG跑馬燈不會區分一般或覺醒FG，兩種文案都會輪播,阿牛,70121:ff51f7a7-1a6d-4899-a0f2-5e88820af6d3,QA-Sean,712020:b375f0f5-88f2-47e8-a8c3-fd4117da78fa,Medium,結案,,26/六月/26 10:28 上午,06/七月/26 2:44 下午,
漏洞,RSGCMC-122,73815,"JP拉到機台後,後續調整BET未達門檻仍可拉中JP",color,712020:ef570a76-cebe-487d-a589-bfc30cc2be39,QA-Leo,712020:43438060-b8b0-4b3f-963e-fc65356d9672,Medium,已解決,,26/六月/26 9:55 上午,29/六月/26 9:55 上午,
漏洞,RSGCBOS2-18,73812,0625【Uat】機台新遊戲 - 決戰賽特2-多語系-賽特/女賽特符號特色說明缺少賠率,阿牛,70121:ff51f7a7-1a6d-4899-a0f2-5e88820af6d3,QA-Sean,712020:b375f0f5-88f2-47e8-a8c3-fd4117da78fa,Medium,結案,,25/六月/26 5:14 下午,06/七月/26 2:45 下午,
漏洞,RSGCBOS2-17,73811,0625【Uat】機台新遊戲 - 決戰賽特2-多語系-跑馬燈B1/B2圖示顯示與盤面不同，缺少scatter文字,阿牛,70121:ff51f7a7-1a6d-4899-a0f2-5e88820af6d3,QA-Sean,712020:b375f0f5-88f2-47e8-a8c3-fd4117da78fa,Medium,結案,,25/六月/26 5:02 下午,03/七月/26 5:55 下午,
漏洞,RSGCBOS2-16,73810,0625【Uat】機台新遊戲 - 決戰賽特2-終極決戰-觸發女賽特後續無贏分時大獎動畫過快出現,阿牛,70121:ff51f7a7-1a6d-4899-a0f2-5e88820af6d3,QA-Leo,712020:43438060-b8b0-4b3f-963e-fc65356d9672,Medium,結案,,25/六月/26 4:46 下午,06/七月/26 2:52 下午,
漏洞,RSGCBH-9,73809,0624【Uat】機台新遊戲 - 賞金獵人-燈條顯示顏色與規格書不符,gao,712020:760509ab-5f7a-4366-a044-df0f69821759,QA-Thomas,712020:a4ed337d-b668-43e3-9ff7-fa923c3e6f0a,Medium,結案,,25/六月/26 4:44 下午,07/七月/26 2:37 下午,
漏洞,RSGCBOS2-15,73808,0625【Uat】機台新遊戲 - 決戰賽特2-缺少贏得/共贏得文案,SimonHou,5f150b9f7e510c00156a3d18,QA-lilyxue,712020:86477558-f0c1-418e-912c-404a71e564bf,Medium,結案,,25/六月/26 4:41 下午,03/七月/26 5:19 下午,
漏洞,RSGCBOS2-14,73807,"0625【Uat】機台新遊戲 - 決戰賽特2-終極決戰-觸發鎖定特色,後續無贏分無須spin即會快速轉",阿牛,70121:ff51f7a7-1a6d-4899-a0f2-5e88820af6d3,QA-Leo,712020:43438060-b8b0-4b3f-963e-fc65356d9672,Medium,結案,,25/六月/26 4:41 下午,06/七月/26 2:53 下午,
漏洞,RSGCBOS2-13,73806,"0625【Uat】機台新遊戲 - 決戰賽特2-進出免遊開始/領獎頁面,功能選單與加速按鈕可點擊",阿牛,70121:ff51f7a7-1a6d-4899-a0f2-5e88820af6d3,QA-Leo,712020:43438060-b8b0-4b3f-963e-fc65356d9672,Medium,結案,,25/六月/26 4:18 下午,06/七月/26 2:40 下午,
漏洞,RSGCBOS2-12,73805,0625【Uat】機台新遊戲 - 決戰賽特2-繁中-跑馬燈文案未顯示完全,阿牛,70121:ff51f7a7-1a6d-4899-a0f2-5e88820af6d3,QA-Sean,712020:b375f0f5-88f2-47e8-a8c3-fd4117da78fa,Medium,結案,,25/六月/26 3:56 下午,06/七月/26 2:47 下午,
漏洞,RSGCBOS2-11,73804,0625【Uat】機台新遊戲 - 決戰賽特2-英文-覺醒FG文案與規格不符,阿牛,70121:ff51f7a7-1a6d-4899-a0f2-5e88820af6d3,QA-lilyxue,712020:86477558-f0c1-418e-912c-404a71e564bf,Medium,結案,,25/六月/26 3:38 下午,03/七月/26 5:27 下午,
漏洞,RSGCBOS2-10,73803,"0625【Uat】機台新遊戲 - 決戰賽特2-免費遊戲最後一把如有鎖定特色倍數,進出遊戲後spin,此時倍數球會直接消失而不是掉落",阿牛,70121:ff51f7a7-1a6d-4899-a0f2-5e88820af6d3,QA-Leo,712020:43438060-b8b0-4b3f-963e-fc65356d9672,Medium,結案,,25/六月/26 3:23 下午,21/七月/26 10:31 上午,
漏洞,RSGCBOS2-9,73802,0625【Uat】機台新遊戲 - 決戰賽特2-多語系-說明頁免費旋轉特色少B1免費遊戲符號圖片,阿牛,70121:ff51f7a7-1a6d-4899-a0f2-5e88820af6d3,QA-lilyxue,712020:86477558-f0c1-418e-912c-404a71e564bf,Medium,結案,,25/六月/26 3:22 下午,03/七月/26 5:26 下午,
漏洞,RSGCBOS2-8,73801,0625【Uat】機台新遊戲 - 決戰賽特2-多語系-說明頁免費旋轉號段落少灰色文字,SimonHou,5f150b9f7e510c00156a3d18,QA-lilyxue,712020:86477558-f0c1-418e-912c-404a71e564bf,Medium,結案,,25/六月/26 2:55 下午,07/七月/26 11:16 上午,
漏洞,RSGCBOS2-7,73800,0625【Uat】機台新遊戲 - 決戰賽特2-英文-help文件P2段落升級倍數符號特色灰底文字與倍數符號相同,阿牛,70121:ff51f7a7-1a6d-4899-a0f2-5e88820af6d3,QA-lilyxue,712020:86477558-f0c1-418e-912c-404a71e564bf,Medium,結案,,25/六月/26 2:47 下午,03/七月/26 5:34 下午,
漏洞,RSGCBH-8,73799,0624【Uat】機台新遊戲 - 賞金獵人-中、英-HELP內版面圖示錯誤,Jenny Dai,712020:76c4490a-909d-4b6c-8e43-763fa4da4101,QA-darwin,712020:854bc137-7e5c-4296-b626-473dec40e4ea,Medium,結案,,25/六月/26 2:22 下午,03/七月/26 4:54 下午,
漏洞,RSGCBOS2-6,73798,0625【Uat】機台新遊戲 - 決戰賽特2-英文-BG跑馬燈隨機文案未顯示完全,阿牛,70121:ff51f7a7-1a6d-4899-a0f2-5e88820af6d3,QA-lilyxue,712020:86477558-f0c1-418e-912c-404a71e564bf,Medium,結案,,25/六月/26 2:19 下午,06/七月/26 4:04 下午,
漏洞,RSGCBOS2-5,73797,"0625【Uat】機台新遊戲 - 決戰賽特2-免遊內大倍數振動特效,會導致盤面跑板",阿牛,70121:ff51f7a7-1a6d-4899-a0f2-5e88820af6d3,QA-Leo,712020:43438060-b8b0-4b3f-963e-fc65356d9672,Medium,結案,,25/六月/26 2:01 下午,06/七月/26 3:54 下午,
漏洞,RSGCBOS2-4,73795,0625【Uat】機台新遊戲 - 決戰賽特2-英文-FG結算畫面顯示中文,阿牛,70121:ff51f7a7-1a6d-4899-a0f2-5e88820af6d3,QA-lilyxue,712020:86477558-f0c1-418e-912c-404a71e564bf,Medium,結案,,25/六月/26 1:51 下午,03/七月/26 5:29 下午,
漏洞,RSGCBOS2-3,73793,"0625【Uat】機台新遊戲 - 決戰賽特2-鎖定特色結束時,倍數symbol仍有綠光特效",阿牛,70121:ff51f7a7-1a6d-4899-a0f2-5e88820af6d3,QA-Thomas,712020:a4ed337d-b668-43e3-9ff7-fa923c3e6f0a,Medium,結案,,25/六月/26 1:35 下午,06/七月/26 4:01 下午,
漏洞,RSGCBOS2-2,73792,"0625【Uat】機台新遊戲 - 決戰賽特2-觸發大獎,動畫會先閃爍後才是爆金幣動畫",阿牛,70121:ff51f7a7-1a6d-4899-a0f2-5e88820af6d3,QA-Thomas,712020:a4ed337d-b668-43e3-9ff7-fa923c3e6f0a,Medium,結案,,25/六月/26 1:11 下午,06/七月/26 3:49 下午,
漏洞,RSGCBH-7,73791,0624【Uat】機台新遊戲 - 賞金獵人-中英-FG end規格缺少文字,華華,712020:73f12dd5-be48-484c-bb50-e35425d9c0b2,QA-darwin,712020:854bc137-7e5c-4296-b626-473dec40e4ea,Medium,結案,,25/六月/26 11:43 上午,03/七月/26 5:04 下午,
漏洞,RSGCBH-6,73790,0624【Uat】機台新遊戲 - 賞金獵人-英-BONUS、WILD Symbol文案與文件不符，實做句尾都無句點,華華,712020:73f12dd5-be48-484c-bb50-e35425d9c0b2,QA-darwin,712020:854bc137-7e5c-4296-b626-473dec40e4ea,Medium,結案,,25/六月/26 11:39 上午,03/七月/26 5:02 下午,
漏洞,RSGCBH-5,73787,0624【Uat】機台新遊戲 - 賞金獵人-英-HELP文案與文件不符,Jenny Dai,712020:76c4490a-909d-4b6c-8e43-763fa4da4101,QA-darwin,712020:854bc137-7e5c-4296-b626-473dec40e4ea,Medium,結案,,25/六月/26 11:34 上午,03/七月/26 5:00 下午,
漏洞,RSGCBOS2-1,73785,0625【Uat】機台新遊戲 - 決戰賽特2-繁中-說明頁-免費旋轉特色文案重複,阿牛,70121:ff51f7a7-1a6d-4899-a0f2-5e88820af6d3,QA-Leo,712020:43438060-b8b0-4b3f-963e-fc65356d9672,Medium,結案,,25/六月/26 11:23 上午,03/七月/26 5:36 下午,
漏洞,RSGCBH-4,73766,0624【Uat】機台新遊戲 - 賞金獵人-英文-BONUS動畫表現會看到後面的Symbol,Jenny Dai,712020:76c4490a-909d-4b6c-8e43-763fa4da4101,QA-Thomas,712020:a4ed337d-b668-43e3-9ff7-fa923c3e6f0a,Medium,結案,,24/六月/26 4:48 下午,03/七月/26 5:07 下午,
漏洞,RSGCBH-3,73762,0624【Uat】機台新遊戲 - 賞金獵人-免遊最後一把無贏分 無法點擊Spin結束畫面,Jenny Dai,712020:76c4490a-909d-4b6c-8e43-763fa4da4101,QA-Thomas,712020:a4ed337d-b668-43e3-9ff7-fa923c3e6f0a,Medium,結案,,24/六月/26 2:59 下午,03/七月/26 5:05 下午,
漏洞,RSGCBH-2,73759,0624【Uat】機台新遊戲 - 賞金獵人-點擊購買特色後再快速點Spin會重複音效,Jenny Dai,712020:76c4490a-909d-4b6c-8e43-763fa4da4101,QA-Thomas,712020:a4ed337d-b668-43e3-9ff7-fa923c3e6f0a,Medium,結案,,24/六月/26 2:44 下午,03/七月/26 5:05 下午,
漏洞,RSGCBH-1,73758,0624【Uat】機台新遊戲 - 賞金獵人-進入遊戲的讀取動畫遲緩,Jenny Dai,712020:76c4490a-909d-4b6c-8e43-763fa4da4101,QA-Thomas,712020:a4ed337d-b668-43e3-9ff7-fa923c3e6f0a,Medium,結案,,24/六月/26 2:37 下午,03/七月/26 5:04 下午,
漏洞,RSGCPOW2-32,73741,倍數球快速收集動畫異常,Gms,5d147d02e207030bd3c6bdd2,QA-Leo,712020:43438060-b8b0-4b3f-963e-fc65356d9672,Medium,未解決問題,,23/六月/26 5:22 下午,23/六月/26 5:22 下午,
漏洞,RSGCMC-121,73717,"遊戲遊玩一半返回大廳,系統卡死(後續重開機 遊戲少一款)",Crimson 丹合,712020:363a0144-b688-4c80-b105-43b49fbefa89,QA-Leo,712020:43438060-b8b0-4b3f-963e-fc65356d9672,Medium,未解決問題,,23/六月/26 2:58 下午,23/六月/26 2:58 下午,
漏洞,RSGCMC-120,73716,機台BET實體按鍵加減時流暢度較低,Crimson 丹合,712020:363a0144-b688-4c80-b105-43b49fbefa89,QA-Leo,712020:43438060-b8b0-4b3f-963e-fc65356d9672,Medium,結案,,23/六月/26 2:54 下午,24/六月/26 5:08 下午,
漏洞,RSGCCC-28,73710,0626【Hotfix】【R1】機台遊戲有請財神閃退-重啟程式後加載遊戲/遊玩遊戲 均會出現閃退情況,Gms,5d147d02e207030bd3c6bdd2,QA-Leo,712020:43438060-b8b0-4b3f-963e-fc65356d9672,Medium,結案,,23/六月/26 11:52 上午,24/六月/26 9:46 上午,
漏洞,RSGCPOW2-31,73693,累積倍數在增加倍數時加總錯誤,Gms,5d147d02e207030bd3c6bdd2,SimonHou,5f150b9f7e510c00156a3d18,Medium,結案,,23/六月/26 9:53 上午,23/六月/26 5:09 下午,
漏洞,RSGCMC-119,73689,0622 【Uat】系統診斷與硬體異常檢測功能-多語系文案與規格不符,SimonHou,5f150b9f7e510c00156a3d18,QA-Leo,712020:43438060-b8b0-4b3f-963e-fc65356d9672,Medium,結案,,22/六月/26 7:55 下午,28/七月/26 8:49 上午,
漏洞,RSGCMC-117,73666,"0622 【Uat】【R1】JP看板及滾分優化-JP拉到機台後,等待別台機台再次中JP,不會紀錄到原機台中獎資訊",color,712020:ef570a76-cebe-487d-a589-bfc30cc2be39,QA-Leo,712020:43438060-b8b0-4b3f-963e-fc65356d9672,Medium,結案,,22/六月/26 2:27 下午,25/六月/26 6:07 下午,
漏洞,RSGCMC-118,73663,0622 【Uat】【R1】JP看板及滾分優化-JP中獎機台訊息未消失,Gms,5d147d02e207030bd3c6bdd2,QA-Thomas,712020:a4ed337d-b668-43e3-9ff7-fa923c3e6f0a,Medium,觀察中,,22/六月/26 2:14 下午,25/六月/26 6:29 下午,
漏洞,RSGCMC-116,73656,0622 【Uat】【R1】JP看板及滾分優化-JP網頁 輸入帳號密碼時會有異常情況(帳號密碼欄位快速跳轉),Gms,5d147d02e207030bd3c6bdd2,QA-Leo,712020:43438060-b8b0-4b3f-963e-fc65356d9672,Medium,結案,,22/六月/26 11:33 上午,25/六月/26 6:08 下午,
漏洞,RSGCMC-115,73459,主機模擬面板按鈕都會連點兩次,Gms,5d147d02e207030bd3c6bdd2,QA-darwin,712020:854bc137-7e5c-4296-b626-473dec40e4ea,Medium,未解決問題,,16/六月/26 11:12 上午,16/六月/26 11:13 上午,
漏洞,RSGCCC-23,73409,開啟turbo消線音效會變小聲,Gms,5d147d02e207030bd3c6bdd2,QA-Leo,712020:43438060-b8b0-4b3f-963e-fc65356d9672,Medium,未解決問題,,12/六月/26 3:28 下午,12/六月/26 3:28 下午,
漏洞,RSGCMC-114,73358,"0610 【Uat】【R1】自動解開招功能-確認購買免遊時無阻擋機台側邊按鈕,此會導致進免遊當下可改變DENOM",Gms,5d147d02e207030bd3c6bdd2,QA-Leo,712020:43438060-b8b0-4b3f-963e-fc65356d9672,Medium,結案,,11/六月/26 1:44 下午,12/六月/26 11:36 上午,
漏洞,RSGCMC-113,73348,"0610 【Uat】【R1】自動解開招功能-如開招面額與初始面額不同,解招後面額視窗會顯示為初始面額",Gms,5d147d02e207030bd3c6bdd2,QA-Leo,712020:43438060-b8b0-4b3f-963e-fc65356d9672,Medium,結案,,10/六月/26 5:20 下午,11/六月/26 4:59 下午,
漏洞,RSGCSC-92,73346,"0610 【Uat】【R1】Buy Feature 調整押注額功能 優化-如購買免遊bet區間大於或小於普通遊戲bet,離開免遊秀線會有異常情況",Gms,5d147d02e207030bd3c6bdd2,QA-Leo,712020:43438060-b8b0-4b3f-963e-fc65356d9672,Medium,結案,,10/六月/26 5:07 下午,11/六月/26 4:04 下午,
漏洞,RSGCMC-112,73343,0610 【Uat】【R1】自動解開招功能-開招即過招無法觸發自動過招流程,SimonHou,5f150b9f7e510c00156a3d18,QA-Leo,712020:43438060-b8b0-4b3f-963e-fc65356d9672,Medium,觀察中,,10/六月/26 4:36 下午,11/六月/26 1:54 下午,
漏洞,RSGCPOW2-30,73203,機台新遊戲 - 雷神2 倍率球升級重疊展示,Gms,5d147d02e207030bd3c6bdd2,QA-Leo,712020:43438060-b8b0-4b3f-963e-fc65356d9672,Medium,未解決問題,,05/六月/26 3:03 下午,05/六月/26 3:03 下午,
漏洞,RSGCPOW2-29,73184,機台新遊戲 - 雷神2 遊玩出現螢幕變暗情況,Gms,5d147d02e207030bd3c6bdd2,QA-Leo,712020:43438060-b8b0-4b3f-963e-fc65356d9672,Medium,未解決問題,,04/六月/26 5:22 下午,04/六月/26 5:22 下午,
漏洞,RSGCPOW2-28,73171,機台新遊戲 - 雷神2 大獎動畫異常,Gms,5d147d02e207030bd3c6bdd2,QA-Leo,712020:43438060-b8b0-4b3f-963e-fc65356d9672,Medium,已解決,,04/六月/26 3:27 下午,10/六月/26 4:49 下午,
漏洞,RSGCSC-91,73053,"0602【Uat】【R2】Buy Feature 下注調整、Betlevel、JP滾分表演-全遊戲-餘額不足開啟購買免遊選單調整bet,自動轉按鈕會亮起",Gms,5d147d02e207030bd3c6bdd2,QA-Leo,712020:43438060-b8b0-4b3f-963e-fc65356d9672,Medium,未解決問題,,03/六月/26 10:27 上午,03/六月/26 10:29 上午,
漏洞,RSGCGC-10,73043,0602【Uat】【R2】Buy Feature 下注調整、Betlevel、JP滾分表演-金雞報喜-開啟購買免遊選單bet/面額/快速轉按鈕會壓暗,Gms,5d147d02e207030bd3c6bdd2,QA-Leo,712020:43438060-b8b0-4b3f-963e-fc65356d9672,Medium,未解決問題,,02/六月/26 3:23 下午,04/六月/26 12:46 下午,
漏洞,RSGCMC-111,73038,"0602 【Uat】【R1】開招活動帳務計算調整-後台報表-機台報表/交班報表-利潤應為開分 - 洗分,但實做為開分 - 洗分 - 餘分",Crimson 丹合,712020:363a0144-b688-4c80-b105-43b49fbefa89,QA-Leo,712020:43438060-b8b0-4b3f-963e-fc65356d9672,Medium,結案,,02/六月/26 2:49 下午,03/六月/26 11:29 上午,
漏洞,RSGCMC-110,72846,"0526【Uat】【R1】Buy Feature 下注調整、Betlevel、JP前端優化-後端設定購買免遊BetLV大於押分時,前台吃不到值",Michael Kuo,5c89ca3a5db2976adad4630e,QA-Leo,712020:43438060-b8b0-4b3f-963e-fc65356d9672,Medium,結案,,27/五月/26 2:23 下午,04/六月/26 9:58 上午,
漏洞,RSGCCC-22,72844,"0526 【Uat】【R1】Buy Feature 下注調整、Betlevel、JP前端優化-購買免遊視窗開啟時,背景遮罩沒有全螢幕",LuluHsu,712020:e0539f60-c2ea-4126-91fc-2e267711c91b,QA-Leo,712020:43438060-b8b0-4b3f-963e-fc65356d9672,Medium,結案,,27/五月/26 2:19 下午,02/六月/26 2:55 下午,
漏洞,RSGCSC-90,72840,"0526 【Uat】【R1】Buy Feature 下注調整、Betlevel、JP前端優化-全遊戲-如購買免遊餘額不足,確認後回到遊戲bet不會變回BG押分下限",Gms,5d147d02e207030bd3c6bdd2,QA-Leo,712020:43438060-b8b0-4b3f-963e-fc65356d9672,Medium,結案,,27/五月/26 11:33 上午,02/六月/26 4:34 下午,
漏洞,RSGCSC-86,72829,"0526 【Uat】【R1】Buy Feature 下注調整、Betlevel、JP前端優化-全遊戲-如購買免遊餘額不足,後續切換面額異常 ",Gms,5d147d02e207030bd3c6bdd2,QA-Leo,712020:43438060-b8b0-4b3f-963e-fc65356d9672,Medium,結案,,27/五月/26 11:06 上午,02/六月/26 4:31 下午,
漏洞,RSGCSC-85,72824,0526 【Uat】【R1】Buy Feature 下注調整、Betlevel、JP前端優化-多款遊戲-確認購買免遊時仍可調整BET,Gms,5d147d02e207030bd3c6bdd2,QA-Leo,712020:43438060-b8b0-4b3f-963e-fc65356d9672,Medium,結案,,26/五月/26 6:37 下午,04/六月/26 10:25 上午,
漏洞,RSGCSC-83,72799,0526【Uat】【R1】Buy Feature 下注調整、Betlevel、JP前端優化-UAT-麻將發了2/戰神呂布/大過年3/金雞報喜-說明頁周圍黑邊會擋住部分文字 ,Gms,5d147d02e207030bd3c6bdd2,QA-Sean,712020:b375f0f5-88f2-47e8-a8c3-fd4117da78fa,Medium,結案,,26/五月/26 3:45 下午,02/六月/26 3:06 下午,
漏洞,RSGCSC-84,72794,0526 【Uat】【R1】Buy Feature 下注調整、Betlevel、JP前端優化-英文押分選項與選擇面額彈窗文字顯示與文件不符,SimonHou,5f150b9f7e510c00156a3d18,QA-lilyxue,712020:86477558-f0c1-418e-912c-404a71e564bf,Medium,結案,,26/五月/26 2:48 下午,02/六月/26 3:00 下午,
漏洞,RSGCLEG-17,72793,0526【Uat】【R1】Buy Feature 下注調整、Betlevel、JP前端優化-戰神呂布-英-購買特色文案顯示中文字,Steve Yeh,712020:8dfb256b-ce1e-4d10-88d4-d74aba540cbe,QA-darwin,712020:854bc137-7e5c-4296-b626-473dec40e4ea,Medium,結案,,26/五月/26 2:36 下午,02/六月/26 3:02 下午,
漏洞,RSGCMC-108,72788,0526【Uat】【R2】透過設定進行紙鈔機斷電-初次更版會導致紙鈔機為不吃鈔狀態(機台設定為啟用),gao,712020:760509ab-5f7a-4366-a044-df0f69821759,QA-Leo,712020:43438060-b8b0-4b3f-963e-fc65356d9672,Medium,結案,,26/五月/26 2:07 下午,26/五月/26 4:23 下午,
漏洞,RSGCMC-107,72785,0526【Uat】【R1】Buy Feature 下注調整、Betlevel、JP前端優化-長按「加/減押分」無法開啟押分選項彈窗,Gms,5d147d02e207030bd3c6bdd2,QA-darwin,712020:854bc137-7e5c-4296-b626-473dec40e4ea,Medium,觀察中,,26/五月/26 1:40 下午,28/五月/26 9:30 上午,
漏洞,RSGCMC-106,72714,"0521【Prod】懷憶版升級測試 - 雷神2 - 升級後重啟機台,後續第一次進入”雷神2”會有卡讀取情況",Jie Xia,6000165fd3649601391b433e,QA-Leo,712020:43438060-b8b0-4b3f-963e-fc65356d9672,Medium,結案,,25/五月/26 1:08 下午,12/六月/26 1:39 下午,
改善,RSGCPOW2-27,72689,-,,,Gms,5d147d02e207030bd3c6bdd2,Medium,待辦,,23/五月/26 2:45 下午,23/五月/26 2:46 下午,
漏洞,RSGCPOW2-26,72688,機台新遊戲 - 雷神2 開啟ExtraBet，再點擊購買特色後，進行Bet調整 Bet顯示異常,Gms,5d147d02e207030bd3c6bdd2,Gms,5d147d02e207030bd3c6bdd2,Medium,結案,,23/五月/26 2:45 下午,04/六月/26 5:30 下午,
漏洞,RSGCPOW2-25,72687,機台新遊戲 - 雷神2 - Spin無贏分、JP滾分時存款，存款金額不會更新,Gms,5d147d02e207030bd3c6bdd2,Gms,5d147d02e207030bd3c6bdd2,Medium,結案,,23/五月/26 2:45 下午,27/五月/26 11:25 上午,
漏洞,RSGCPOW2-24,72686,機台新遊戲 - 雷神2 遊戲紀錄BigWin被進行截圖,Gms,5d147d02e207030bd3c6bdd2,Gms,5d147d02e207030bd3c6bdd2,Medium,結案,,23/五月/26 2:45 下午,27/五月/26 11:18 上午,
漏洞,RSGCSC-82,72671,押分大於2000會導致無法購買免遊,Gms,5d147d02e207030bd3c6bdd2,QA-Leo,712020:43438060-b8b0-4b3f-963e-fc65356d9672,Medium,結案,,22/五月/26 2:45 下午,02/六月/26 4:28 下午,
漏洞,RSGCPOW2-23,72641,"0520 【Prod】機台新遊戲 - 雷神2-JP動畫無法透過""空白鍵""關閉",Gms,5d147d02e207030bd3c6bdd2,QA-Leo,712020:43438060-b8b0-4b3f-963e-fc65356d9672,Medium,未解決問題,,21/五月/26 1:47 下午,21/五月/26 10:02 下午,
漏洞,RSGCMC-105,72610,"設定-診斷工具-機箱測試-開啟紙鈔燈(面板BV)後離開此頁面,紙鈔燈仍為亮起狀態",gao,712020:760509ab-5f7a-4366-a044-df0f69821759,QA-Leo,712020:43438060-b8b0-4b3f-963e-fc65356d9672,Medium,結案,,20/五月/26 2:41 下午,26/五月/26 2:14 下午,
漏洞,RSGCMC-104,72609,"0520 【Uat】【R1】透過設定進行停紙鈔機斷電-變更紙鈔機狀態後,無須套用即可成功修改",gao,712020:760509ab-5f7a-4366-a044-df0f69821759,QA-Leo,712020:43438060-b8b0-4b3f-963e-fc65356d9672,Medium,結案,,20/五月/26 2:22 下午,26/五月/26 2:16 下午,
漏洞,RSGCMC-103,72608,"0520 【Uat】【R1】透過設定進行停紙鈔機斷電-停用紙鈔機後重啟機器,紙鈔機變為可吃鈔狀態",gao,712020:760509ab-5f7a-4366-a044-df0f69821759,QA-Leo,712020:43438060-b8b0-4b3f-963e-fc65356d9672,Medium,結案,,20/五月/26 2:07 下午,26/五月/26 2:20 下午,
漏洞,RSGCPOW2-22,72543,0518【Uat】【R2】機台新遊戲 - 雷神2-購買特色按鈕可與功能列同時點擊,阿牛,70121:ff51f7a7-1a6d-4899-a0f2-5e88820af6d3,QA-Leo,712020:43438060-b8b0-4b3f-963e-fc65356d9672,Medium,結案,,18/五月/26 3:24 下午,19/五月/26 4:12 下午,
漏洞,RSGCMC-102,72367,0512【Uat】【R1】同老闆跨店彩金-JP彩金頁面無自動刷新,Michael Kuo,5c89ca3a5db2976adad4630e,QA-Leo,712020:43438060-b8b0-4b3f-963e-fc65356d9672,Medium,結案,,14/五月/26 11:24 上午,15/五月/26 8:28 下午,
漏洞,RSGCMC-101,72363,0512【Uat】【R1】同老闆跨店彩金-JP後台-頁面規格確認,Gms,5d147d02e207030bd3c6bdd2,QA-Leo,712020:43438060-b8b0-4b3f-963e-fc65356d9672,Medium,結案,,14/五月/26 11:12 上午,15/五月/26 8:25 下午,
漏洞,RSGCMC-100,72360,0512【Uat】【R1】同老闆跨店彩金-JP後台-JP被拉中後彩池數值不會回到起始值,willwang,712020:e3e6897d-4e58-466c-bff1-4602694dc269,QA-Leo,712020:43438060-b8b0-4b3f-963e-fc65356d9672,Medium,結案,,14/五月/26 10:51 上午,15/五月/26 8:25 下午,
漏洞,RSGCMC-99,72353,0512【Uat】【R1】同老闆跨店彩金-JP後台-輸入欄位會有預設帳號密碼,Gms,5d147d02e207030bd3c6bdd2,QA-Leo,712020:43438060-b8b0-4b3f-963e-fc65356d9672,Medium,結案,,14/五月/26 10:09 上午,15/五月/26 5:16 下午,
漏洞,RSGCPOW2-20,71882,0505【Uat】【R1】機台新遊戲 - 雷神2 - Bet選單若同時點擊押分/確認 會導致後續押分選項為亮起狀態,Gms,5d147d02e207030bd3c6bdd2,QA-Leo,712020:43438060-b8b0-4b3f-963e-fc65356d9672,Medium,結案,,07/五月/26 3:37 下午,18/五月/26 11:53 上午,
漏洞,RSGCPOW2-19,71881,0505【Uat】【R1】機台新遊戲 - 雷神2 - 餘額若低於bet 無法點擊BET區開啟投注選單,Gms,5d147d02e207030bd3c6bdd2,QA-Leo,712020:43438060-b8b0-4b3f-963e-fc65356d9672,Medium,結案,,07/五月/26 3:33 下午,18/五月/26 11:52 上午,
漏洞,RSGCPOW2-18,71880,0505【Uat】【R1】機台新遊戲 - 雷神2 - 餘額若低於bet 無法透過'spin'按鈕關閉 面額/投注選單,Gms,5d147d02e207030bd3c6bdd2,QA-Leo,712020:43438060-b8b0-4b3f-963e-fc65356d9672,Medium,結案,,07/五月/26 3:30 下午,18/五月/26 11:52 上午,
漏洞,RSGCPOW2-17,71864,"0505【Uat】【R1】機台新遊戲 - 雷神2 - 透過購買免遊視窗調整bet會導致jp壓透明,進入fg也為透明狀態",Gms,5d147d02e207030bd3c6bdd2,QA-Leo,712020:43438060-b8b0-4b3f-963e-fc65356d9672,Medium,結案,,07/五月/26 10:55 上午,23/七月/26 5:18 下午,
漏洞,RSGCPOW2-16,71862,0505【Uat】【R1】機台新遊戲 - 雷神2 - 購買特色閥值非限制實際金額,Gms,5d147d02e207030bd3c6bdd2,QA-Leo,712020:43438060-b8b0-4b3f-963e-fc65356d9672,Medium,結案,,07/五月/26 10:46 上午,18/五月/26 11:35 上午,
漏洞,RSGCPOW2-15,71861,0505【Uat】【R1】機台新遊戲 - 雷神2 - 轉動不會累積jp/不會中jp,color,712020:ef570a76-cebe-487d-a589-bfc30cc2be39,QA-Thomas,712020:a4ed337d-b668-43e3-9ff7-fa923c3e6f0a,Medium,結案,,07/五月/26 10:39 上午,23/七月/26 5:18 下午,
漏洞,RSGCPOW2-13,71844,0505【Uat】【R1】機台新遊戲 - 雷神2 - 全語系 - BUY FEATURE新增調整押分功能缺少'當前使用押分'文案,SimonHou,5f150b9f7e510c00156a3d18,QA-Leo,712020:43438060-b8b0-4b3f-963e-fc65356d9672,Medium,觀察中,,06/五月/26 7:57 下午,14/五月/26 11:16 上午,
漏洞,RSGCPOW2-12,71843,"0505【Uat】【R1】機台新遊戲 - 雷神2 - 同時點擊押分選單/面額選單 按鈕,可同時打開兩視窗",Gms,5d147d02e207030bd3c6bdd2,QA-Leo,712020:43438060-b8b0-4b3f-963e-fc65356d9672,Medium,結案,,06/五月/26 6:49 下午,18/五月/26 11:51 上午,
漏洞,RSGCPOW2-11,71819,0505【Uat】【R1】機台新遊戲 - 雷神2 - 免遊符號無滾分動畫(BG、Retrigger),SimonHou,5f150b9f7e510c00156a3d18,QA-Leo,712020:43438060-b8b0-4b3f-963e-fc65356d9672,Medium,結案,,06/五月/26 11:44 上午,18/五月/26 10:56 上午,
漏洞,RSGCPOW2-10,71818,0505【Uat】【R1】機台新遊戲 - 雷神2 - 調整面額/Bet下注不會跳BigWin,阿牛,70121:ff51f7a7-1a6d-4899-a0f2-5e88820af6d3,QA-Thomas,712020:a4ed337d-b668-43e3-9ff7-fa923c3e6f0a,Medium,結案,,06/五月/26 11:18 上午,23/七月/26 5:18 下午,
漏洞,RSGCPOW2-9,71815,0505【Uat】【R1】機台新遊戲 - 雷神2 - 缺少雷暴相關文案,SimonHou,5f150b9f7e510c00156a3d18,QA-Leo,712020:43438060-b8b0-4b3f-963e-fc65356d9672,Medium,結案,,05/五月/26 5:40 下午,10/六月/26 4:14 下午,
漏洞,RSGCPOW2-8,71814,0505【Uat】【R1】機台新遊戲 - 雷神2 - 全語系 - Retrigger文案與規格不符,阿牛,70121:ff51f7a7-1a6d-4899-a0f2-5e88820af6d3,QA-Leo,712020:43438060-b8b0-4b3f-963e-fc65356d9672,Medium,結案,,05/五月/26 5:24 下午,18/五月/26 11:07 上午,
漏洞,RSGCPOW2-7,71812,0505【Uat】【R1】機台新遊戲 - 雷神2 - 全語系 - HELP缺少'以上皆為倍數符號'文案,阿牛,70121:ff51f7a7-1a6d-4899-a0f2-5e88820af6d3,QA-Leo,712020:43438060-b8b0-4b3f-963e-fc65356d9672,Medium,結案,,05/五月/26 5:12 下午,18/五月/26 11:04 上午,
漏洞,RSGCPOW2-6,71811,0505【Uat】【R1】機台新遊戲 - 雷神2 - 滾分動畫異常,SimonHou,5f150b9f7e510c00156a3d18,QA-Leo,712020:43438060-b8b0-4b3f-963e-fc65356d9672,Medium,結案,,05/五月/26 4:44 下午,18/五月/26 10:54 上午,
漏洞,RSGCPOW2-5,71808,0505【Uat】【R1】機台新遊戲 - 雷神2 - 英文 - ExtraBet文字與規格不符,阿牛,70121:ff51f7a7-1a6d-4899-a0f2-5e88820af6d3,QA-Thomas,712020:a4ed337d-b668-43e3-9ff7-fa923c3e6f0a,Medium,結案,,05/五月/26 4:22 下午,18/五月/26 11:03 上午,
漏洞,RSGCPOW2-4,71807,0505【Uat】【R1】機台新遊戲 - 雷神2 - 額外押分動畫中 其餘功能無禁能,阿牛,70121:ff51f7a7-1a6d-4899-a0f2-5e88820af6d3,QA-Leo,712020:43438060-b8b0-4b3f-963e-fc65356d9672,Medium,結案,,05/五月/26 4:11 下午,18/五月/26 11:02 上午,
漏洞,RSGCPOW2-3,71806,0505【Uat】【R1】機台新遊戲 - 雷神2 - 英文 - 神韻一擊缺少標語,阿牛,70121:ff51f7a7-1a6d-4899-a0f2-5e88820af6d3,QA-Thomas,712020:a4ed337d-b668-43e3-9ff7-fa923c3e6f0a,Medium,結案,,05/五月/26 4:10 下午,23/七月/26 5:18 下午,
漏洞,RSGCPOW2-2,71800,0505【Uat】【R1】機台新遊戲 - 雷神2 - 英文 - Help文件與規格不符,阿牛,70121:ff51f7a7-1a6d-4899-a0f2-5e88820af6d3,QA-Thomas,712020:a4ed337d-b668-43e3-9ff7-fa923c3e6f0a,Medium,結案,,05/五月/26 3:42 下午,23/七月/26 5:18 下午,
漏洞,RSGCPOW2-1,71799,0505【Uat】【R1】機台新遊戲 - 雷神2-最大贏分即停數字機率會消失,阿牛,70121:ff51f7a7-1a6d-4899-a0f2-5e88820af6d3,QA-Thomas,712020:a4ed337d-b668-43e3-9ff7-fa923c3e6f0a,Medium,觀察中,,05/五月/26 3:32 下午,08/五月/26 4:07 下午,
漏洞,RSGCMC-98,71649,"0428【Prod】Royal Console後台匯出Excel功能-後台-機台報表-第三層”開分""欄位內容 “1,000.00 (開招)”，EXCEL輸出後少了""()""，且無千分位",willwang,712020:e3e6897d-4e58-466c-bff1-4602694dc269,QA-darwin,712020:854bc137-7e5c-4296-b626-473dec40e4ea,Medium,觀察中,,28/四月/26 1:49 下午,29/四月/26 11:26 上午,
漏洞,RSGCMC-97,71600,"0422【Uat】【R1】洗分面板顯示當前額度與左下角顯示總分不一致問題-遊戲滾輪中入鈔,停輪後不會自動刷新餘額(無贏分)",Gms,5d147d02e207030bd3c6bdd2,QA-Leo,712020:43438060-b8b0-4b3f-963e-fc65356d9672,Medium,結案,,27/四月/26 11:07 上午,14/五月/26 11:15 上午,
漏洞,RSGCMC-96,71599,0422【Uat】【R1】洗分面板顯示當前額度與左下角顯示總分不一致問題-餘額不足後SPIN會導致後續開分入鈔 無法正常SPIN,Gms,5d147d02e207030bd3c6bdd2,QA-Leo,712020:43438060-b8b0-4b3f-963e-fc65356d9672,Medium,結案,,27/四月/26 11:02 上午,14/五月/26 11:15 上午,
漏洞,RSGCMC-95,71457,0422【Uat】【R1】Royal Console後台匯出Excel功能-後台-贏輸報表-第一、二層欄位名稱EXCEL輸出後不符,willwang,712020:e3e6897d-4e58-466c-bff1-4602694dc269,QA-darwin,712020:854bc137-7e5c-4296-b626-473dec40e4ea,Medium,結案,,22/四月/26 11:54 上午,23/七月/26 5:19 下午,
漏洞,RSGCMC-94,71419,"0416【Uat】【R1】艾訊IPC換Quixant 兼容測試-JP滾分動畫中入鈔,總分不會刷新(需spin一把或離開遊戲)",Gms,5d147d02e207030bd3c6bdd2,QA-Leo,712020:43438060-b8b0-4b3f-963e-fc65356d9672,Medium,結案,,21/四月/26 1:33 下午,23/七月/26 5:19 下午,
漏洞,RSGCMC-93,71268,0416【Uat】【R1】艾訊IPC換Quixant 兼容測試-快速進出設定頁面會導致燈號顯示異常,gao,712020:760509ab-5f7a-4366-a044-df0f69821759,QA-Leo,712020:43438060-b8b0-4b3f-963e-fc65356d9672,Medium,結案,,20/四月/26 5:22 下午,23/七月/26 5:17 下午,
漏洞,RSGCL-46,71210,0416【Uat】【R1】艾訊IPC換Quixant 兼容測試-面額順序沒有由小到大,Michael Kuo,5c89ca3a5db2976adad4630e,QA-Leo,712020:43438060-b8b0-4b3f-963e-fc65356d9672,Medium,結案,,20/四月/26 1:49 下午,23/七月/26 5:18 下午,
漏洞,RSGCMC-92,71121,"0416【Uat】【R1】艾訊IPC換Quixant 兼容測試-遊戲中打開面板後開啟暫停服務,會導致後續關閉面板無法透過設定離開此狀態",gao,712020:760509ab-5f7a-4366-a044-df0f69821759,QA-Leo,712020:43438060-b8b0-4b3f-963e-fc65356d9672,Medium,結案,,17/四月/26 4:24 下午,23/七月/26 5:18 下午,
漏洞,RSGCMC-91,71095,0416【Uat】【R1】艾訊IPC換Quixant 兼容測試-洗分或開招導致餘額不足購買免遊時購買免遊會彈跳Code:60,gao,712020:760509ab-5f7a-4366-a044-df0f69821759,QA-Leo,712020:43438060-b8b0-4b3f-963e-fc65356d9672,Medium,結案,,17/四月/26 3:28 下午,23/七月/26 5:18 下午,
漏洞,RSGCLEG-16,70958,0416【Uat】【R1】艾訊IPC換Quixant 兼容測試-戰神呂布-FG結束結算頁面動畫異常,Gms,5d147d02e207030bd3c6bdd2,QA-Leo,712020:43438060-b8b0-4b3f-963e-fc65356d9672,Medium,結案,,16/四月/26 6:26 下午,23/七月/26 5:18 下午,
漏洞,RSGCL-45,70954,0416【Uat】【R1】艾訊IPC換Quixant 兼容測試-遊戲紀錄切換頁面時會有破圖情況,Jie Xia,6000165fd3649601391b433e,QA-Leo,712020:43438060-b8b0-4b3f-963e-fc65356d9672,Medium,結案,,16/四月/26 5:35 下午,23/七月/26 5:18 下午,
漏洞,RSGCMC-90,70938,0416【Uat】【R1】艾訊IPC換Quixant 兼容測試-機台右側計數器目前無法連續滾動(每五次會短暫停止),gao,712020:760509ab-5f7a-4366-a044-df0f69821759,QA-Leo,712020:43438060-b8b0-4b3f-963e-fc65356d9672,Medium,結案,,16/四月/26 4:00 下午,23/七月/26 5:18 下午,
漏洞,RSGCSC-81,70936,0416【Uat】【R1】艾訊IPC換Quixant 兼容測試-JP門檻限制與規格不符,Crimson 丹合,712020:363a0144-b688-4c80-b105-43b49fbefa89,QA-Leo,712020:43438060-b8b0-4b3f-963e-fc65356d9672,Medium,結案,,16/四月/26 3:54 下午,23/七月/26 5:18 下午,
漏洞,RSGCMC-89,70931,0416【Uat】【R1】艾訊IPC換Quixant 兼容測試-遊玩/閒置時頻繁出現卡頓情況,Jie Xia,6000165fd3649601391b433e,QA-Leo,712020:43438060-b8b0-4b3f-963e-fc65356d9672,Medium,結案,,16/四月/26 3:21 下午,23/七月/26 5:18 下午,
漏洞,RSGCMC-88,70596,"0408【Uat】【R2】機台開招功能-如開分額度上限設過低,導致可開分金額小於單次開分上限,錯誤訊息會重疊展示",gao,712020:760509ab-5f7a-4366-a044-df0f69821759,QA-Leo,712020:43438060-b8b0-4b3f-963e-fc65356d9672,Medium,結案,,08/四月/26 4:33 下午,21/四月/26 5:11 下午,
漏洞,RSGCMC-87,69425,0325【Uat】【R1】機台開招功能-開招/過招 都會額外產生一筆全為0的紀錄,willwang,712020:e3e6897d-4e58-466c-bff1-4602694dc269,QA-Leo,712020:43438060-b8b0-4b3f-963e-fc65356d9672,Medium,結案,,27/三月/26 10:34 上午,21/四月/26 5:13 下午,
漏洞,RSGCMC-86,69354,"0325【Uat】【R1】機台開招功能-使用機台設定解除開招,使用返回退出解除開招確認視窗,會導致後續實體按鈕亮燈異常",gao,712020:760509ab-5f7a-4366-a044-df0f69821759,QA-Leo,712020:43438060-b8b0-4b3f-963e-fc65356d9672,Medium,結案,,26/三月/26 7:18 下午,21/四月/26 5:13 下午,
漏洞,RSGCMC-85,69319,0325【Uat】【R1】機台開招功能-餘額為0無法解除開招,SeanLin,712020:9244b238-6a11-484f-89ed-69dad29e5558,QA-Leo,712020:43438060-b8b0-4b3f-963e-fc65356d9672,Medium,結案,,26/三月/26 5:38 下午,21/四月/26 5:13 下午,
漏洞,RSGCMC-84,69318,"0325【Uat】【R1】機台開招功能-目前設定額度為0無法按下洗分按鈕,此會導致僅能使用設定內功能強制解除開招",gao,712020:760509ab-5f7a-4366-a044-df0f69821759,QA-Leo,712020:43438060-b8b0-4b3f-963e-fc65356d9672,Medium,結案,,26/三月/26 5:33 下午,21/四月/26 5:13 下午,
漏洞,RSGCSC-80,69317,麻將發了2、大過年3、勇闖黃金城-餘額不足時購買免遊會導致額外押分按鈕禁能無法點擊,Gms,5d147d02e207030bd3c6bdd2,QA-Leo,712020:43438060-b8b0-4b3f-963e-fc65356d9672,Medium,已解決,,26/三月/26 4:59 下午,23/七月/26 5:17 下午,
漏洞,RSGCMC-83,69316,"0325【Uat】【R1】機台開招功能-達過招門檻後,使用自動轉在每轉間隙中可進入過招視窗進行過招",gao,712020:760509ab-5f7a-4366-a044-df0f69821759,QA-Leo,712020:43438060-b8b0-4b3f-963e-fc65356d9672,Medium,結案,,26/三月/26 4:35 下午,21/四月/26 5:13 下午,
漏洞,RSGCMC-82,69315,"0325【Uat】【R1】機台開招功能-確認開分介面,餘額說明與規格文案不符",Crimson 丹合,712020:363a0144-b688-4c80-b105-43b49fbefa89,QA-Leo,712020:43438060-b8b0-4b3f-963e-fc65356d9672,Medium,結案,,26/三月/26 4:12 下午,21/四月/26 5:13 下午,
漏洞,RSGCMC-81,69311,"0325【Uat】【R1】機台開招功能-當前額度為100時,點擊快捷洗分選項,洗分額度不會變為100(0)",gao,712020:760509ab-5f7a-4366-a044-df0f69821759,QA-Leo,712020:43438060-b8b0-4b3f-963e-fc65356d9672,Medium,結案,,26/三月/26 2:42 下午,21/四月/26 5:13 下午,
漏洞,RSGCMC-80,69309,0325【Uat】【R1】機台開招功能-強制解除後短暫時間仍可遊玩(導致彈跳 錯誤CODE:60 ),gao,712020:760509ab-5f7a-4366-a044-df0f69821759,QA-Leo,712020:43438060-b8b0-4b3f-963e-fc65356d9672,Medium,結案,,26/三月/26 2:16 下午,21/四月/26 5:13 下午,
漏洞,RSGCMC-79,69308,0325【Uat】【R1】機台開招功能-開招時開分計數器不會計數,gao,712020:760509ab-5f7a-4366-a044-df0f69821759,QA-Leo,712020:43438060-b8b0-4b3f-963e-fc65356d9672,Medium,結案,,26/三月/26 2:11 下午,21/四月/26 5:13 下午,
漏洞,RSGCMC-78,69306,0325【Uat】【R1】機台開招功能-實體按鈕亮燈問題,gao,712020:760509ab-5f7a-4366-a044-df0f69821759,QA-Leo,712020:43438060-b8b0-4b3f-963e-fc65356d9672,Medium,結案,,26/三月/26 1:58 下午,21/四月/26 5:13 下午,
漏洞,RSGCMC-77,69304,0325【Uat】【R1】機台開招功能-入鈔時(尚未更動餘額)此時可進入開招頁面並開招,gao,712020:760509ab-5f7a-4366-a044-df0f69821759,QA-Leo,712020:43438060-b8b0-4b3f-963e-fc65356d9672,Medium,結案,,26/三月/26 1:52 下午,21/四月/26 5:14 下午,
漏洞,RSGCMC-76,69303,0325【Uat】【R1】機台開招功能-強制解除/過招後 紙鈔機仍無法入鈔狀態,gao,712020:760509ab-5f7a-4366-a044-df0f69821759,QA-Leo,712020:43438060-b8b0-4b3f-963e-fc65356d9672,Medium,結案,,26/三月/26 1:43 下午,21/四月/26 5:14 下午,
漏洞,RSGCMC-75,69291,"0325【Uat】【R1】機台開招功能-操作選單""活動""英文語系與規格文件不符",Crimson 丹合,712020:363a0144-b688-4c80-b105-43b49fbefa89,QA-Leo,712020:43438060-b8b0-4b3f-963e-fc65356d9672,Medium,結案,,26/三月/26 10:24 上午,21/四月/26 5:14 下午,
漏洞,RSGCMC-74,69191,"0325【Uat】【R1】機台開招功能-開啟強制解除視窗後,使用機台後台解除開招,回到大廳強制解除視窗仍保留",gao,712020:760509ab-5f7a-4366-a044-df0f69821759,QA-Leo,712020:43438060-b8b0-4b3f-963e-fc65356d9672,Medium,結案,,25/三月/26 5:43 下午,21/四月/26 5:14 下午,
漏洞,RSGCMC-73,69189,0325【Uat】【R1】機台開招功能-機台報表(開招贈分/開招次數/過招次數/餘分)下方總計無紀錄,gao,712020:760509ab-5f7a-4366-a044-df0f69821759,QA-Leo,712020:43438060-b8b0-4b3f-963e-fc65356d9672,Medium,結案,,25/三月/26 5:31 下午,21/四月/26 5:14 下午,
漏洞,RSGCMC-72,69188,"0325【Uat】【R1】機台開招功能-設定頁面進入第二層亮度會變暗,返回或是進到第三層才會恢復正常",Crimson 丹合,712020:363a0144-b688-4c80-b105-43b49fbefa89,QA-Leo,712020:43438060-b8b0-4b3f-963e-fc65356d9672,Medium,觀察中,,25/三月/26 5:06 下午,21/四月/26 5:14 下午,
漏洞,RSGCMC-71,69186,0325【Uat】【R1】機台開招功能-進入開洗分設定黑屏,gao,712020:760509ab-5f7a-4366-a044-df0f69821759,QA-Leo,712020:43438060-b8b0-4b3f-963e-fc65356d9672,Medium,結案,,25/三月/26 4:57 下午,21/四月/26 5:14 下午,
漏洞,RSGCMC-70,69179,"0325【Uat】【R1】機台開招功能-後台報表匯出Excel缺少""開招贈分欄位""",willwang,712020:e3e6897d-4e58-466c-bff1-4602694dc269,QA-Leo,712020:43438060-b8b0-4b3f-963e-fc65356d9672,Medium,結案,,25/三月/26 4:34 下午,21/四月/26 5:14 下午,
漏洞,RSGCMC-69,68436,0320 【prod】機台紙鈔機更換-紙鈔機斷電 重新接電後 畫面會顯示驗票機錯誤(故障)訊息,gao,712020:760509ab-5f7a-4366-a044-df0f69821759,QA-Leo,712020:43438060-b8b0-4b3f-963e-fc65356d9672,Medium,已解決,,20/三月/26 4:39 下午,21/四月/26 5:15 下午,
漏洞,RSGCMC-68,68435,0320 【prod】機台紙鈔機更換-紙鈔機卡紙 手動排除後紙鈔機重新校正失敗,gao,712020:760509ab-5f7a-4366-a044-df0f69821759,QA-Leo,712020:43438060-b8b0-4b3f-963e-fc65356d9672,Medium,已解決,,20/三月/26 4:39 下午,21/四月/26 5:15 下午,
漏洞,RSGCMC-67,68353,若開分限額設定不在合理範圍，錯誤提示顯示不正確,gao,712020:760509ab-5f7a-4366-a044-df0f69821759,Clara Wu,712020:d73a2c6b-ee79-4beb-8699-1425f0060980,Medium,已解決,,20/三月/26 10:03 上午,08/四月/26 10:35 上午,
改善,RSGCSC-79,68190,遊戲內選擇面額介面大小，應配合內容多寡做縮放,Gms,5d147d02e207030bd3c6bdd2,Clara Wu,712020:d73a2c6b-ee79-4beb-8699-1425f0060980,Medium,待辦,,19/三月/26 2:33 下午,19/三月/26 2:33 下午,
漏洞,RSGCMC-66,68079,"0318【Uat】【R1】機台紙鈔機更換-錢箱放回後未檢測完成,此時關閉錢箱門畫面會卡住",gao,712020:760509ab-5f7a-4366-a044-df0f69821759,QA-Leo,712020:43438060-b8b0-4b3f-963e-fc65356d9672,Medium,結案,,18/三月/26 5:08 下午,21/四月/26 5:28 下午,
漏洞,RSGCL-44,68038,機台大廳-大廳頂部JP展示視窗 偶發加載失敗情況,Gms,5d147d02e207030bd3c6bdd2,QA-Leo,712020:43438060-b8b0-4b3f-963e-fc65356d9672,Medium,未解決問題,,18/三月/26 2:49 下午,18/三月/26 2:49 下午,
漏洞,RSGCSC-78,67374, 麻將發了2、大過年3、勇闖黃金城-斷線重連 讀取畫面時可以點擊額外押分按鈕,Gms,5d147d02e207030bd3c6bdd2,QA-Leo,712020:43438060-b8b0-4b3f-963e-fc65356d9672,Medium,結案,,16/三月/26 3:04 下午,21/四月/26 5:11 下午,
漏洞,RSGCMC-65,67053,按下服務鈴時進出遊戲，燈條不會維持在正確狀態,gao,712020:760509ab-5f7a-4366-a044-df0f69821759,Clara Wu,712020:d73a2c6b-ee79-4beb-8699-1425f0060980,Medium,已解決,,13/三月/26 11:25 上午,08/四月/26 10:29 上午,
漏洞,RSGCMC-64,66486,"遊戲中開啟""暫停服務""，重啟後沒有顯示""暫停服務""畫面",gao,712020:760509ab-5f7a-4366-a044-df0f69821759,Clara Wu,712020:d73a2c6b-ee79-4beb-8699-1425f0060980,Medium,已解決,,09/三月/26 3:53 下午,30/三月/26 5:13 下午,
漏洞,RSGCMC-63,65807,0303【Uat】【R1】機台報表後台-代理報表-代理報表下載後「贏/輸(含彩金)」少了後面的括弧,willwang,712020:e3e6897d-4e58-466c-bff1-4602694dc269,QA-darwin,712020:854bc137-7e5c-4296-b626-473dec40e4ea,Medium,結案,,04/三月/26 8:20 下午,21/四月/26 5:37 下午,
漏洞,RSGCMC-62,65797,0303【Uat】【R1】機台報表後台-贏輸報表-第二層-單遊戲層級「彩金貢獻值」欄位規格錯誤,Della,712020:9fb9dfee-dad3-4d42-bf15-2eec105b2bfb,QA-darwin,712020:854bc137-7e5c-4296-b626-473dec40e4ea,Medium,結案,,04/三月/26 4:55 下午,21/四月/26 5:37 下午,
漏洞,RSGCMC-61,65794,0303【Uat】【R1】機台報表後台-代理報表-第二層/第三層 欄位順序與規格不符,Della,712020:9fb9dfee-dad3-4d42-bf15-2eec105b2bfb,QA-Leo,712020:43438060-b8b0-4b3f-963e-fc65356d9672,Medium,結案,,04/三月/26 4:32 下午,21/四月/26 5:37 下午,
漏洞,RSGCMC-60,65764,0303【Uat】【R1】機台報表後台-贏輸報表/代理報表-第二層(店家)，【輸/贏】欄位有算到彩金，【贏/輸(含彩金)】這樣會算到兩次彩金,willwang,712020:e3e6897d-4e58-466c-bff1-4602694dc269,QA-WillChou,712020:bd380602-c207-428e-bd52-952ff52a09cb,Medium,結案,,04/三月/26 11:29 上午,21/四月/26 5:37 下午,
漏洞,RSGCMC-59,65763,0303【Uat】【R1】機台報表後台-贏輸報表-利潤計算異常,Clara Wu,712020:d73a2c6b-ee79-4beb-8699-1425f0060980,QA-Sean,712020:b375f0f5-88f2-47e8-a8c3-fd4117da78fa,Medium,結案,,04/三月/26 11:25 上午,21/四月/26 5:37 下午,
漏洞,RSGCMC-58,65595,0303【Uat】【R1】機台報表後台-代理報表-匯出Excelc含%數資料生成後均顯示到小數點後12位,willwang,712020:e3e6897d-4e58-466c-bff1-4602694dc269,QA-Leo,712020:43438060-b8b0-4b3f-963e-fc65356d9672,Medium,結案,,03/三月/26 5:16 下午,21/四月/26 5:37 下午,
漏洞,RSGCMC-57,65593,0303【Uat】【R1】機台報表後台-代理報表-右上導航(應為 特殊報表>代理報表),willwang,712020:e3e6897d-4e58-466c-bff1-4602694dc269,QA-Leo,712020:43438060-b8b0-4b3f-963e-fc65356d9672,Medium,結案,,03/三月/26 5:04 下午,21/四月/26 5:37 下午,
漏洞,RSGCMC-56,65524,0303【Uat】【R1】機台報表後台-全報表-時間篩選欄位無防呆機制,Clara Wu,712020:d73a2c6b-ee79-4beb-8699-1425f0060980,QA-Leo,712020:43438060-b8b0-4b3f-963e-fc65356d9672,Medium,結案,,03/三月/26 2:57 下午,21/四月/26 5:37 下午,
漏洞,RSGCMC-55,65523,0303【Uat】【R1】機台報表後台-機台報表-第三層-店家機台結束時間篩選錯誤,willwang,712020:e3e6897d-4e58-466c-bff1-4602694dc269,QA-darwin,712020:854bc137-7e5c-4296-b626-473dec40e4ea,Medium,結案,,03/三月/26 2:56 下午,21/四月/26 5:37 下午,
漏洞,RSGCMC-54,65519,0303【Uat】【R1】機台報表後台-贏輸報表-報表欄位少遊戲局數、獲勝局數、局數贏率，與規格文件不符,Della,712020:9fb9dfee-dad3-4d42-bf15-2eec105b2bfb,QA-lilyxue,712020:86477558-f0c1-418e-912c-404a71e564bf,Medium,結案,,03/三月/26 2:32 下午,21/四月/26 5:38 下午,
漏洞,RSGCMC-53,65518,0303【Uat】【R1】機台報表後台-交班報表-第一層(全部店家層)與第二層(店家層)，顯示不符,willwang,712020:e3e6897d-4e58-466c-bff1-4602694dc269,QA-WillChou,712020:bd380602-c207-428e-bd52-952ff52a09cb,Medium,結案,,03/三月/26 2:19 下午,21/四月/26 5:38 下午,
漏洞,RSGCMC-52,65449,機台斷電數日後開啟，SPIN後側邊按鍵無反應,gao,712020:760509ab-5f7a-4366-a044-df0f69821759,Clara Wu,712020:d73a2c6b-ee79-4beb-8699-1425f0060980,Medium,已解決,,03/三月/26 11:03 上午,08/四月/26 10:29 上午,
漏洞,RSGCSC-76,63894,機台斷電數日後開啟，SPIN出現錯誤,Michael Kuo,5c89ca3a5db2976adad4630e,Clara Wu,712020:d73a2c6b-ee79-4beb-8699-1425f0060980,Medium,未解決問題,,24/二月/26 5:59 下午,03/三月/26 11:03 上午,
改善,RSGCSC-74,62023,機台遊戲-按住Buy Feature內按鈕時同時按下實體按鍵，按鈕狀態不會恢復,Gms,5d147d02e207030bd3c6bdd2,Clara Wu,712020:d73a2c6b-ee79-4beb-8699-1425f0060980,Medium,待辦,,10/二月/26 6:50 下午,17/三月/26 2:23 下午,
漏洞,RSGCL-42,61273,機台大廳-JP彩金頁面偶發載入失敗情形,Gms,5d147d02e207030bd3c6bdd2,Clara Wu,712020:d73a2c6b-ee79-4beb-8699-1425f0060980,Medium,未解決問題,,06/二月/26 6:17 下午,06/二月/26 7:15 下午,
漏洞,RSGCSC-75,61267,正式環境遊戲內JP中獎文字和JP滾分重疊,Gms,5d147d02e207030bd3c6bdd2,佑誠,5e787cee61dfd90c309eb6bc,Medium,結案,,06/二月/26 4:20 下午,18/三月/26 3:24 下午,
漏洞,RSGCMC-49,61266,正式環境報表無法正常顯示,Michael Kuo,5c89ca3a5db2976adad4630e,佑誠,5e787cee61dfd90c309eb6bc,Medium,結案,,06/二月/26 4:04 下午,19/三月/26 2:10 下午,
漏洞,RSGCL-43,61265,大廳玩家總分與遊戲內不一致,Gms,5d147d02e207030bd3c6bdd2,佑誠,5e787cee61dfd90c309eb6bc,Medium,未解決問題,,06/二月/26 4:00 下午,12/二月/26 10:28 上午,
漏洞,RSGCMC-47,61264,機台大廳-進入設定頁後返回，螢幕會無法觸控,gao,712020:760509ab-5f7a-4366-a044-df0f69821759,Clara Wu,712020:d73a2c6b-ee79-4beb-8699-1425f0060980,Medium,結案,,06/二月/26 3:40 下午,17/三月/26 9:00 下午,
漏洞,RSGCSC-73,61180,"0204 【R4】機台遊戲六款/【R3】機台遊戲四款-全遊戲-購買遊戲視窗關閉動畫未播放完畢按下購買特色實體按鈕,會導致購買特色實體按鈕不亮",Gms,5d147d02e207030bd3c6bdd2,QA-Leo,712020:43438060-b8b0-4b3f-963e-fc65356d9672,Medium,未解決問題,,06/二月/26 10:27 上午,06/二月/26 11:32 上午,
漏洞,RSGCMC-51,61179,0204【Uat】【R4】機台大廳-燈條相關問題,Crimson 丹合,712020:363a0144-b688-4c80-b105-43b49fbefa89,QA-Leo,712020:43438060-b8b0-4b3f-963e-fc65356d9672,Medium,處理中,,06/二月/26 10:06 上午,14/五月/26 11:20 上午,
漏洞,RSGCSC-71,61111,"0204【Uat】【R4】機台大廳-中JP後斷線重連,提示視窗仍會顯示(僅主機端有此問題)",Clara Wu,712020:d73a2c6b-ee79-4beb-8699-1425f0060980,QA-Leo,712020:43438060-b8b0-4b3f-963e-fc65356d9672,Medium,觀察中,,05/二月/26 7:49 下午,21/四月/26 5:17 下午,
漏洞,RSGCSC-70,61077,"0204 【R4】機台遊戲六款/【R3】機台遊戲四款-全遊戲-上方JP展示區MINOR播放中獎資訊時,底色會變綠",Gms,5d147d02e207030bd3c6bdd2,QA-Leo,712020:43438060-b8b0-4b3f-963e-fc65356d9672,Medium,結案,,05/二月/26 6:13 下午,21/四月/26 5:17 下午,
漏洞,RSGCSC-69,61076,0204 【R4】機台遊戲六款/【R3】機台遊戲四款-全遊戲-上方JP展示區 MINOR會有在MAJOR區塊展示的情況發生,Gms,5d147d02e207030bd3c6bdd2,QA-Leo,712020:43438060-b8b0-4b3f-963e-fc65356d9672,Medium,結案,,05/二月/26 5:59 下午,21/四月/26 5:17 下午,
漏洞,RSGCSC-68,61009,"0204 【R4】機台遊戲六款/【R3】機台遊戲四款-全遊戲-低於門檻普通轉進入免遊後,斷線重連後上方JP展示視窗會亮起",Gms,5d147d02e207030bd3c6bdd2,QA-Leo,712020:43438060-b8b0-4b3f-963e-fc65356d9672,Medium,未解決問題,,05/二月/26 2:35 下午,05/二月/26 3:00 下午,
漏洞,RSGCL-41,61006,0204【Uat】【R4】機台大廳-偶發JP動畫卡住情形,Gms,5d147d02e207030bd3c6bdd2,Clara Wu,712020:d73a2c6b-ee79-4beb-8699-1425f0060980,Medium,未解決問題,,05/二月/26 2:28 下午,06/二月/26 7:44 下午,
漏洞,RSGCL-40,61002,"0204【Uat】【R4】機台大廳-連續中多個JP解鎖第一個後,後續轉動鑰匙不會出現隱藏/解鎖按鈕",Gms,5d147d02e207030bd3c6bdd2,QA-Leo,712020:43438060-b8b0-4b3f-963e-fc65356d9672,Medium,結案,,05/二月/26 1:32 下午,21/四月/26 5:17 下午,
漏洞,RSGCL-39,60962,機台大廳-JP金額有連續兩個0時，數字會交疊,Gms,5d147d02e207030bd3c6bdd2,Clara Wu,712020:d73a2c6b-ee79-4beb-8699-1425f0060980,Medium,未解決問題,,05/二月/26 10:04 上午,05/二月/26 10:18 上午,
漏洞,RSGCCC-20,60961,有請財神-help_p2文案調整,LuluHsu,712020:e0539f60-c2ea-4126-91fc-2e267711c91b,Clara Wu,712020:d73a2c6b-ee79-4beb-8699-1425f0060980,Medium,結案,,05/二月/26 9:56 上午,08/二月/26 4:52 下午,
漏洞,RSGCLEG-15,60960,0204【Uat】【R4】戰神呂布-FG結算面板顯示金額異常,Steve Yeh,712020:8dfb256b-ce1e-4d10-88d4-d74aba540cbe,Clara Wu,712020:d73a2c6b-ee79-4beb-8699-1425f0060980,Medium,結案,,05/二月/26 9:42 上午,18/三月/26 3:25 下午,
漏洞,RSGCSC-66,60824,"連續拉中JP，第二個JP不會出現""請洽服務人員""彈窗",Gms,5d147d02e207030bd3c6bdd2,Clara Wu,712020:d73a2c6b-ee79-4beb-8699-1425f0060980,Medium,結案,,04/二月/26 5:47 下午,12/二月/26 10:30 上午,
漏洞,RSGCSC-65,60823,Major動畫出現異常白底,Gms,5d147d02e207030bd3c6bdd2,Clara Wu,712020:d73a2c6b-ee79-4beb-8699-1425f0060980,Medium,結案,,04/二月/26 5:41 下午,09/二月/26 2:06 下午,
漏洞,RSGCMC-46,60813,機台大廳-拉中JP時按下服務鈴後取消，燈條不會回到JP狀態,gao,712020:760509ab-5f7a-4366-a044-df0f69821759,Clara Wu,712020:d73a2c6b-ee79-4beb-8699-1425f0060980,Medium,結案,,04/二月/26 3:45 下午,08/二月/26 7:48 下午,
漏洞,RSGCMC-45,60596,"0126【Uat】【R3】機台大廳-設定-遊戲列表設定-選取遊戲到最底或最頂後,再次點擊往前往後,會改選取別款遊戲",gao,712020:760509ab-5f7a-4366-a044-df0f69821759,QA-Leo,712020:43438060-b8b0-4b3f-963e-fc65356d9672,Medium,結案,,03/二月/26 5:14 下午,21/四月/26 5:17 下午,
漏洞,RSGCLEG-14,60588,"0126【Uat】【R3】機台遊戲六款-戰神呂布-進入免遊頁面使用觸控點擊確認時,免遊結束結算畫面使用點擊關閉,背景圖/共用功能會消失",Steve Yeh,712020:8dfb256b-ce1e-4d10-88d4-d74aba540cbe,QA-Leo,712020:43438060-b8b0-4b3f-963e-fc65356d9672,Medium,結案,,03/二月/26 4:35 下午,21/四月/26 5:17 下午,
漏洞,RSGCPOW-10,60574,0126【Uat】【R3】機台遊戲六款-雷神之錘-免遊收集倍數過大會超出螢幕邊界,Gms,5d147d02e207030bd3c6bdd2,QA-Leo,712020:43438060-b8b0-4b3f-963e-fc65356d9672,Medium,未解決問題,,03/二月/26 4:05 下午,04/六月/26 12:45 下午,
漏洞,RSGCMC-44,60567,"0126【Uat】【R3】機台大廳-開啟開分/洗分頁面後,點擊查帳/設定按鈕 再離開,此時會有異常情況",gao,712020:760509ab-5f7a-4366-a044-df0f69821759,QA-Leo,712020:43438060-b8b0-4b3f-963e-fc65356d9672,Medium,結案,,03/二月/26 2:57 下午,21/四月/26 5:17 下午,
改善,RSGCSC-64,60566,主機 - 麻將發了1、麻將發了2，餘額不足時使用空白鍵spin仍有spin音效,Crimson 丹合,712020:363a0144-b688-4c80-b105-43b49fbefa89,QA-darwin,712020:854bc137-7e5c-4296-b626-473dec40e4ea,Medium,待辦,,03/二月/26 2:49 下午,14/五月/26 11:18 上午,
改善,RSGCL-37,60563,機台大廳-歷史紀錄返回大廳時會同時觸發選擇面額介面,Ian,712020:16e2ac38-40fa-4fda-9c70-352e4a9163b1,Clara Wu,712020:d73a2c6b-ee79-4beb-8699-1425f0060980,Medium,完成,完成,03/二月/26 2:37 下午,05/二月/26 9:43 上午,
漏洞,RSGCCC-19,60529,"0126【Uat】【R3】機台遊戲六款-有請財神-觸發喜從天降時點擊turbo有音效,但按鈕動畫結束後才會亮起",Gms,5d147d02e207030bd3c6bdd2,QA-Leo,712020:43438060-b8b0-4b3f-963e-fc65356d9672,Medium,結案,,03/二月/26 2:00 下午,21/四月/26 5:17 下午,
漏洞,RSGCL-36,60305,機台大廳-歷史紀錄只有一筆時，實體bet+鍵會亮起,Ian,712020:16e2ac38-40fa-4fda-9c70-352e4a9163b1,Clara Wu,712020:d73a2c6b-ee79-4beb-8699-1425f0060980,Medium,結案,,02/二月/26 3:38 下午,04/二月/26 5:44 下午,
漏洞,RSGCPOW-9,60301,機台-雷神之錘-押注與實際扣分不符,Gms,5d147d02e207030bd3c6bdd2,QA-Leo,712020:43438060-b8b0-4b3f-963e-fc65356d9672,Medium,觀察中,,02/二月/26 2:54 下午,23/七月/26 5:17 下午,
漏洞,RSGCMC-43,60298,機台大廳-不接受的面額有機率被接受,gao,712020:760509ab-5f7a-4366-a044-df0f69821759,Clara Wu,712020:d73a2c6b-ee79-4beb-8699-1425f0060980,Medium,結案,,02/二月/26 2:17 下午,08/二月/26 4:59 下午,
改善,RSGCMC-42,60263,機台大廳-紙鈔辨識失敗事件紀錄不正確,gao,712020:760509ab-5f7a-4366-a044-df0f69821759,Clara Wu,712020:d73a2c6b-ee79-4beb-8699-1425f0060980,Medium,完成,完成,02/二月/26 12:36 下午,12/二月/26 11:31 上午,
改善,RSGCL-35,60216,機台大廳-JP頁面調整更新時間,Ian,712020:16e2ac38-40fa-4fda-9c70-352e4a9163b1,Clara Wu,712020:d73a2c6b-ee79-4beb-8699-1425f0060980,Medium,完成,完成,01/二月/26 6:02 下午,05/二月/26 9:43 上午,
漏洞,RSGCMC-41,60018,機台大廳-遊戲中進入設定頁，開關門後系統頁會有遊戲音樂,gao,712020:760509ab-5f7a-4366-a044-df0f69821759,Clara Wu,712020:d73a2c6b-ee79-4beb-8699-1425f0060980,Medium,結案,,31/一月/26 3:55 下午,05/二月/26 2:44 下午,
漏洞,RSGCRM-13,59947,0126【Uat】【R2】機台遊戲四款-麻將發了-滾輪滾動中沒有顯示金色Symbol,Clara Wu,712020:d73a2c6b-ee79-4beb-8699-1425f0060980,QA-Thomas,712020:a4ed337d-b668-43e3-9ff7-fa923c3e6f0a,Medium,結案,,30/一月/26 5:01 下午,21/四月/26 5:17 下午,
漏洞,RSGCSC-63,59946,"0126【Uat】【R3】機台遊戲六款-戰神呂布/雷神之錘/開心農場-FG結算後返回BG畫面,此時播放的大獎贏分會自動停止",Gms,5d147d02e207030bd3c6bdd2,QA-Leo,712020:43438060-b8b0-4b3f-963e-fc65356d9672,Medium,結案,,30/一月/26 4:46 下午,21/四月/26 5:17 下午,
漏洞,RSGCCNY3-12,59943,0126 【Uat】【R3】機台遊戲六款-大過年3-B1、百搭符號，於第一行無動畫時 圖層錯誤,grace,712020:afdf8426-d95b-4dfb-86ec-5b42391ad354,QA-darwin,712020:854bc137-7e5c-4296-b626-473dec40e4ea,Medium,結案,,30/一月/26 4:00 下午,21/四月/26 5:17 下午,
漏洞,RSGCSC-62,59941,0126【Uat】【R2】機台遊戲四款-大過年/金雞有喜-BIGWIN贏分會直接播放動畫,Clara Wu,712020:d73a2c6b-ee79-4beb-8699-1425f0060980,QA-Leo,712020:43438060-b8b0-4b3f-963e-fc65356d9672,Medium,結案,,30/一月/26 2:49 下午,21/四月/26 5:17 下午,
漏洞,RSGCPOW-8,59940,0126【Uat】【R3】機台遊戲六款-雷神之錘-大獎贏分後 下方贏分會跟著BIGWIN動畫從0開始跑,Steve Yeh,712020:8dfb256b-ce1e-4d10-88d4-d74aba540cbe,QA-Leo,712020:43438060-b8b0-4b3f-963e-fc65356d9672,Medium,結案,,30/一月/26 2:44 下午,21/四月/26 5:17 下午,
漏洞,RSGCMC-40,59935,0126【Uat】【R3】機台大廳-設定-統計資訊-非票卷出入金次數/入鈔次數 單位確認,gao,712020:760509ab-5f7a-4366-a044-df0f69821759,QA-Leo,712020:43438060-b8b0-4b3f-963e-fc65356d9672,Medium,結案,,30/一月/26 11:31 上午,21/四月/26 5:17 下午,
漏洞,RSGCL-34,59933,0126【Uat】【R3】機台大廳-JP上方資訊欄無人轉動時會累計,Clara Wu,712020:d73a2c6b-ee79-4beb-8699-1425f0060980,QA-Leo,712020:43438060-b8b0-4b3f-963e-fc65356d9672,Medium,觀察中,,30/一月/26 11:12 上午,21/四月/26 5:17 下午,
漏洞,RSGCMC-39,59931,0126【Uat】【R3】機台大廳-設定-音量控制-測試按鈕點擊無測試音效,Clara Wu,712020:d73a2c6b-ee79-4beb-8699-1425f0060980,QA-Leo,712020:43438060-b8b0-4b3f-963e-fc65356d9672,Medium,結案,,30/一月/26 10:49 上午,21/四月/26 5:18 下午,
漏洞,RSGCL-33,59929,0126【Uat】【R3】機台大廳-JP網路穩定問題,Michael Kuo,5c89ca3a5db2976adad4630e,QA-Leo,712020:43438060-b8b0-4b3f-963e-fc65356d9672,Medium,未解決問題,,30/一月/26 9:37 上午,30/一月/26 9:49 上午,
漏洞,RSGCMC-38,59928,機台 - 拔網路線斷網後仍可以點擊交班,gao,712020:760509ab-5f7a-4366-a044-df0f69821759,佑誠,5e787cee61dfd90c309eb6bc,Medium,結案,,30/一月/26 9:20 上午,08/二月/26 5:01 下午,
漏洞,RSGCL-32,59862,0126【Uat】【R3】機台大廳-JP增加的累積值與文件不符,Clara Wu,712020:d73a2c6b-ee79-4beb-8699-1425f0060980,QA-darwin,712020:854bc137-7e5c-4296-b626-473dec40e4ea,Medium,結案,,29/一月/26 8:33 下午,21/四月/26 5:18 下午,
漏洞,RSGCL-31,59828,"0126【Uat】【R3】機台大廳-同時中多筆JP彩金,JP彩金無法全部紀錄",color,712020:ef570a76-cebe-487d-a589-bfc30cc2be39,QA-Leo,712020:43438060-b8b0-4b3f-963e-fc65356d9672,Medium,已解決,,29/一月/26 4:38 下午,21/四月/26 5:18 下午,
漏洞,RSGCL-30,59827,"0126【Uat】【R3】機台大廳-上方JP金額變動時,千分位先出現",Gms,5d147d02e207030bd3c6bdd2,QA-Leo,712020:43438060-b8b0-4b3f-963e-fc65356d9672,Medium,結案,,29/一月/26 4:25 下午,21/四月/26 5:18 下午,
漏洞,RSGCL-29,59826,0126【Uat】【R3】機台大廳-上方JP中獎資訊無千分位數,Gms,5d147d02e207030bd3c6bdd2,QA-Leo,712020:43438060-b8b0-4b3f-963e-fc65356d9672,Medium,結案,,29/一月/26 4:20 下午,21/四月/26 5:18 下午,
漏洞,RSGCL-28,59823,0126【Uat】【R3】機台大廳-進出遊戲上方JP中獎資訊異常,Gms,5d147d02e207030bd3c6bdd2,QA-Leo,712020:43438060-b8b0-4b3f-963e-fc65356d9672,Medium,未解決問題,,29/一月/26 3:31 下午,29/一月/26 4:24 下午,
漏洞,RSGCL-27,59822,0126【Uat】【R3】機台大廳-JP中獎動畫順序錯誤,Gms,5d147d02e207030bd3c6bdd2,QA-Leo,712020:43438060-b8b0-4b3f-963e-fc65356d9672,Medium,已解決,,29/一月/26 3:27 下午,21/四月/26 5:18 下午,
漏洞,RSGCL-26,59820,0126【Uat】【R3】機台大廳-JP中獎動畫會超出畫面,Clara Wu,712020:d73a2c6b-ee79-4beb-8699-1425f0060980,QA-Leo,712020:43438060-b8b0-4b3f-963e-fc65356d9672,Medium,結案,,29/一月/26 2:59 下午,21/四月/26 5:18 下午,
漏洞,RSGCL-25,59819,0126【Uat】【R3】機台大廳-JP頁面、遊戲內、大廳，MAJOR無期待特效,Gms,5d147d02e207030bd3c6bdd2,QA-darwin,712020:854bc137-7e5c-4296-b626-473dec40e4ea,Medium,結案,,29/一月/26 2:40 下午,21/四月/26 5:18 下午,
漏洞,RSGCMC-37,59818,0126【Uat】【R3】機台大廳-入鈔後計數器不會進行計算,gao,712020:760509ab-5f7a-4366-a044-df0f69821759,QA-Sean,712020:b375f0f5-88f2-47e8-a8c3-fd4117da78fa,Medium,結案,,29/一月/26 2:39 下午,21/四月/26 5:18 下午,
漏洞,RSGCL-24,59817,0126【Uat】【R3】機台大廳-JP無放大動畫內容直接進入中獎店家/金額循環播放,Gms,5d147d02e207030bd3c6bdd2,QA-Leo,712020:43438060-b8b0-4b3f-963e-fc65356d9672,Medium,結案,,29/一月/26 2:23 下午,21/四月/26 5:18 下午,
漏洞,RSGCMC-36,59816,0126【Uat】【R3】機台大廳-開分-餘額上限-數字不會顯示千分位,gao,712020:760509ab-5f7a-4366-a044-df0f69821759,QA-Leo,712020:43438060-b8b0-4b3f-963e-fc65356d9672,Medium,結案,,29/一月/26 1:48 下午,21/四月/26 5:18 下午,
漏洞,RSGCMC-35,59812,0126【Uat】【R3】機台大廳-開分上限與規格不符(需確認為開分上限還是開分後上限),Clara Wu,712020:d73a2c6b-ee79-4beb-8699-1425f0060980,QA-Leo,712020:43438060-b8b0-4b3f-963e-fc65356d9672,Medium,結案,,29/一月/26 1:32 下午,21/四月/26 5:18 下午,
改善,RSGCMC-34,59802,0126【Uat】【R3】機台大廳-英文語系-設定/報表頁面，部份頁面文字仍顯示中文,Crimson 丹合,712020:363a0144-b688-4c80-b105-43b49fbefa89,QA-Sean,712020:b375f0f5-88f2-47e8-a8c3-fd4117da78fa,Medium,待辦,,29/一月/26 11:31 上午,14/五月/26 11:19 上午,
漏洞,RSGCMC-33,59800,0126【Uat】【R3】機台大廳-英文語系進入設定/報表頁面，仍會顯示中文介面,gao,712020:760509ab-5f7a-4366-a044-df0f69821759,QA-Sean,712020:b375f0f5-88f2-47e8-a8c3-fd4117da78fa,Medium,結案,,29/一月/26 11:13 上午,21/四月/26 5:18 下午,
漏洞,RSGCRM-12,59723,0126【Uat】【R2】機台遊戲四款-麻將發了-贏分消除中關閉遊戲，會跳斷線重連提示,Clara Wu,712020:d73a2c6b-ee79-4beb-8699-1425f0060980,QA-darwin,712020:854bc137-7e5c-4296-b626-473dec40e4ea,Medium,結案,,28/一月/26 5:29 下午,21/四月/26 5:18 下午,
漏洞,RSGCSC-61,59719,0126【Uat】【R2】機台遊戲四款-狗來富/勇闖黃金城-贏分20倍時，跑分與大獎動畫順序異常,Gms,5d147d02e207030bd3c6bdd2,QA-Sean,712020:b375f0f5-88f2-47e8-a8c3-fd4117da78fa,Medium,結案,,28/一月/26 4:43 下午,21/四月/26 5:18 下午,
漏洞,RSGCRM-11,59716,0126【Uat】【R2】機台遊戲四款-麻將發了-使用腳本2觸發FG無贏分 中間的Bonus Symbol會消失,kemeterchang,712020:89412c0f-f142-4686-9760-6139539212fe,QA-Thomas,712020:a4ed337d-b668-43e3-9ff7-fa923c3e6f0a,Medium,結案,,28/一月/26 3:22 下午,21/四月/26 5:18 下午,
漏洞,RSGCLD-16,59714,0126【Uat】【R2】機台遊戲四款-狗來富-M1 倍數收集時 右下購買特色按鈕會消失,Gms,5d147d02e207030bd3c6bdd2,QA-Leo,712020:43438060-b8b0-4b3f-963e-fc65356d9672,Medium,結案,,28/一月/26 2:55 下午,21/四月/26 5:18 下午,
漏洞,RSGCHF-16,59679,0126【Uat】【R2】機台遊戲四款-開心農場-保留盤面 有B1符號時，symbol圖層順序會不同,Steve Yeh,712020:8dfb256b-ce1e-4d10-88d4-d74aba540cbe,QA-darwin,712020:854bc137-7e5c-4296-b626-473dec40e4ea,Medium,結案,,28/一月/26 1:45 下午,21/四月/26 5:18 下午,
漏洞,RSGCCC-18,59678,"0126【Uat】【R3】機台遊戲六款-有請財神-盤面結算音效未播放完全,big win動畫/音效就出現",LuluHsu,712020:e0539f60-c2ea-4126-91fc-2e267711c91b,QA-Leo,712020:43438060-b8b0-4b3f-963e-fc65356d9672,Medium,結案,,28/一月/26 11:54 上午,21/四月/26 5:18 下午,
漏洞,RSGCFA-16,59676,勇闖黃金城-symbol轉換為M1~M4動畫與靜態圖有位移情形,阿牛,70121:ff51f7a7-1a6d-4899-a0f2-5e88820af6d3,Clara Wu,712020:d73a2c6b-ee79-4beb-8699-1425f0060980,Medium,結案,,28/一月/26 11:08 上午,05/二月/26 10:41 上午,
改善,RSGCGC-9,59674,"0126 【Uat】【R2】機台遊戲四款-金雞報喜-恢復盤面後,百搭symbol會被遮擋",LuluHsu,712020:e0539f60-c2ea-4126-91fc-2e267711c91b,QA-Leo,712020:43438060-b8b0-4b3f-963e-fc65356d9672,Medium,待辦,,28/一月/26 10:38 上午,17/三月/26 4:16 下午,
漏洞,RSGCCNY3-10,59673,大過年3-按實體大廳按鈕時，沒有播放Sound_Buy_Feature_Cancel音效,Gms,5d147d02e207030bd3c6bdd2,Clara Wu,712020:d73a2c6b-ee79-4beb-8699-1425f0060980,Medium,未解決問題,,28/一月/26 10:24 上午,04/六月/26 12:49 下午,
漏洞,RSGCFA-15,59672,勇闖黃金城-按實體購買特色、大廳按鈕時，沒有播放音效,阿牛,70121:ff51f7a7-1a6d-4899-a0f2-5e88820af6d3,Clara Wu,712020:d73a2c6b-ee79-4beb-8699-1425f0060980,Medium,結案,,28/一月/26 10:13 上午,05/二月/26 4:58 下午,
改善,RSGCSC-60,59605,0126【Uat】【R3】機台遊戲六款-大過年-出免遊按鈕可連點,Crimson 丹合,712020:363a0144-b688-4c80-b105-43b49fbefa89,QA-Leo,712020:43438060-b8b0-4b3f-963e-fc65356d9672,Medium,待辦,,27/一月/26 7:54 下午,14/五月/26 11:18 上午,
改善,RSGCSC-59,59604,0126 【Uat】【R2】機台遊戲四款-狗來富/金雞有喜-進出免遊按鈕可連點,Crimson 丹合,712020:363a0144-b688-4c80-b105-43b49fbefa89,QA-Leo,712020:43438060-b8b0-4b3f-963e-fc65356d9672,Medium,待辦,,27/一月/26 7:52 下午,14/五月/26 11:19 上午,
改善,RSGCSC-58,59601,Help快速點擊切換頁籤，下方圓點會跳過一個,Gms,5d147d02e207030bd3c6bdd2,佑誠,5e787cee61dfd90c309eb6bc,Medium,待辦,,27/一月/26 5:33 下午,29/一月/26 4:17 下午,
漏洞,RSGCCNY3-9,59599,"0126 【Uat】【R3】機台遊戲六款-大過年-恢復盤面後,百搭symbol會停止動畫",grace,712020:afdf8426-d95b-4dfb-86ec-5b42391ad354,QA-Leo,712020:43438060-b8b0-4b3f-963e-fc65356d9672,Medium,結案,,27/一月/26 5:17 下午,21/四月/26 5:18 下午,
漏洞,RSGCLD-15,59596,0126【Uat】【R2】機台遊戲四款-狗來富-免遊無贏分結算音效重複播放,Gms,5d147d02e207030bd3c6bdd2,QA-Leo,712020:43438060-b8b0-4b3f-963e-fc65356d9672,Medium,結案,,27/一月/26 4:58 下午,21/四月/26 5:18 下午,
漏洞,RSGCRM2-17,59592,麻將發了2-FG中急停下一把轉動時中軸會出現非金色符號,kemeterchang,712020:89412c0f-f142-4686-9760-6139539212fe,佑誠,5e787cee61dfd90c309eb6bc,Medium,結案,,27/一月/26 4:46 下午,05/二月/26 2:48 下午,
改善,RSGCLD-14,59575,"0126【Uat】【R2】機台遊戲四款-狗來富-免遊領獎畫面,下方""按下 旋轉 結束免費旋轉""文案與領獎按鈕無同步展示",Clara Wu,712020:d73a2c6b-ee79-4beb-8699-1425f0060980,QA-Leo,712020:43438060-b8b0-4b3f-963e-fc65356d9672,Medium,完成,完成,27/一月/26 4:05 下午,05/二月/26 4:24 下午,
漏洞,RSGCHF-15,59567,0126【Uat】【R2】機台遊戲四款-開心農場-畫面有倍數符號時離開重進，畫面會留下沒有倍數的符號,Steve Yeh,712020:8dfb256b-ce1e-4d10-88d4-d74aba540cbe,QA-Sean,712020:b375f0f5-88f2-47e8-a8c3-fd4117da78fa,Medium,結案,,27/一月/26 3:35 下午,21/四月/26 5:18 下午,
漏洞,RSGCSC-56,59566,0126【Uat】【R3】機台遊戲六款-戰神呂布/雷神之錘-畫面有倍數符號時離開重進，畫面會留下沒有倍數的符號,Steve Yeh,712020:8dfb256b-ce1e-4d10-88d4-d74aba540cbe,QA-Sean,712020:b375f0f5-88f2-47e8-a8c3-fd4117da78fa,Medium,結案,,27/一月/26 3:29 下午,21/四月/26 5:18 下午,
漏洞,RSGCRM-10,59565,麻將發了-達最大場次後仍會觸發瞇牌,kemeterchang,712020:89412c0f-f142-4686-9760-6139539212fe,佑誠,5e787cee61dfd90c309eb6bc,Medium,結案,,27/一月/26 3:04 下午,05/二月/26 2:54 下午,
漏洞,RSGCRM2-16,59561,麻將發了2-達最大場次後仍會觸發瞇牌,kemeterchang,712020:89412c0f-f142-4686-9760-6139539212fe,佑誠,5e787cee61dfd90c309eb6bc,Medium,結案,,27/一月/26 2:45 下午,05/二月/26 2:32 下午,
漏洞,RSGCCC-17,59559,【Uat】【R3】機台遊戲六款-有請財神-連續觸發喜從天降寶箱無法開啟畫面卡住,LuluHsu,712020:e0539f60-c2ea-4126-91fc-2e267711c91b,佑誠,5e787cee61dfd90c309eb6bc,Medium,結案,,27/一月/26 2:11 下午,05/二月/26 4:40 下午,
漏洞,RSGCSC-55,59507,0126 【Uat】【R2】機台遊戲四款-全遊戲-JP展示區塊沒有置中,Gms,5d147d02e207030bd3c6bdd2,QA-Leo,712020:43438060-b8b0-4b3f-963e-fc65356d9672,Medium,結案,,26/一月/26 8:32 下午,21/四月/26 5:18 下午,
漏洞,RSGCL-23,59506,0126 【Uat】【R2】機台大廳前端功能-JP展示區塊沒有置中,Gms,5d147d02e207030bd3c6bdd2,QA-Leo,712020:43438060-b8b0-4b3f-963e-fc65356d9672,Medium,結案,,26/一月/26 8:28 下午,21/四月/26 5:18 下午,
漏洞,RSGCMC-32,59505,【Uat】【R3】機台大廳-系統/其他事件內容異常,gao,712020:760509ab-5f7a-4366-a044-df0f69821759,Clara Wu,712020:d73a2c6b-ee79-4beb-8699-1425f0060980,Medium,觀察中,,26/一月/26 6:19 下午,22/五月/26 9:50 上午,
漏洞,RSGCSC-54,59503,實體機台 - 開啟ExtraBet和購買特色按鈕可以同時觸發,Gms,5d147d02e207030bd3c6bdd2,佑誠,5e787cee61dfd90c309eb6bc,Medium,結案,,26/一月/26 5:43 下午,17/三月/26 5:52 下午,
漏洞,RSGCHF-14,59500,【Uat】【R2】機台遊戲四款-開心農場-Help內容調整,Steve Yeh,712020:8dfb256b-ce1e-4d10-88d4-d74aba540cbe,Clara Wu,712020:d73a2c6b-ee79-4beb-8699-1425f0060980,Medium,結案,,26/一月/26 3:59 下午,05/二月/26 4:14 下午,
改善,RSGCGC-8,59496,【Uat】【R2】機台遊戲四款-金雞報喜-Help左右滑動時圖文會超框,Gms,5d147d02e207030bd3c6bdd2,佑誠,5e787cee61dfd90c309eb6bc,Medium,完成,完成,26/一月/26 3:49 下午,26/五月/26 1:34 上午,
改善,RSGCCC-16,59495,【Uat】【R3】機台遊戲六款-有請財神-Help左右滑動時圖文會超框,Gms,5d147d02e207030bd3c6bdd2,佑誠,5e787cee61dfd90c309eb6bc,Medium,完成,完成,26/一月/26 3:49 下午,26/五月/26 1:42 上午,
改善,RSGCFA-14,59493,【Uat】【R3】機台遊戲六款-勇闖黃金城-Help左右滑動時圖文會超框,阿牛,70121:ff51f7a7-1a6d-4899-a0f2-5e88820af6d3,佑誠,5e787cee61dfd90c309eb6bc,Medium,完成,完成,26/一月/26 3:48 下午,04/六月/26 3:32 下午,
漏洞,RSGCRM-9,59492,【Uat】【R2】機台遊戲四款-麻將發了-Help左右滑動時圖文會超框,kemeterchang,712020:89412c0f-f142-4686-9760-6139539212fe,佑誠,5e787cee61dfd90c309eb6bc,Medium,結案,,26/一月/26 3:48 下午,05/二月/26 2:46 下午,
漏洞,RSGCSC-53,59489,遊戲內與大廳JP累積值未同步,Gms,5d147d02e207030bd3c6bdd2,佑誠,5e787cee61dfd90c309eb6bc,Medium,未解決問題,,26/一月/26 3:03 下午,26/一月/26 3:03 下午,
漏洞,RSGCRM2-15,59488,【Uat】【R2】盤面SymbolPay分數全部錯誤,kemeterchang,712020:89412c0f-f142-4686-9760-6139539212fe,佑誠,5e787cee61dfd90c309eb6bc,Medium,結案,,26/一月/26 2:45 下午,05/二月/26 11:46 上午,
漏洞,RSGCLD-13,59485,【Uat】【R1】狗來富-進入FG轉場完，盤面未收集的M1 倍數消失,Gms,5d147d02e207030bd3c6bdd2,佑誠,5e787cee61dfd90c309eb6bc,Medium,已解決,,26/一月/26 2:29 下午,09/六月/26 1:13 上午,
漏洞,RSGCLD-12,59483,【Uat】【R1】狗來富-觸發Bonus盤面有其他贏分+蒐集M1，跑馬燈出現way數和倍數重疊,Gms,5d147d02e207030bd3c6bdd2,佑誠,5e787cee61dfd90c309eb6bc,Medium,結案,,26/一月/26 2:11 下午,05/二月/26 4:18 下午,
漏洞,RSGCLD-11,59455,【Uat】【R1】狗來富-滾動中假滾輪 M1 symbol沒有顯示x2,Gms,5d147d02e207030bd3c6bdd2,佑誠,5e787cee61dfd90c309eb6bc,Medium,結案,,26/一月/26 1:42 下午,05/二月/26 4:09 下午,
漏洞,RSGCLEG-13,59433,【Uat】【R2】機台遊戲六款-戰神呂布-help第四頁字體調整,Steve Yeh,712020:8dfb256b-ce1e-4d10-88d4-d74aba540cbe,Clara Wu,712020:d73a2c6b-ee79-4beb-8699-1425f0060980,Medium,結案,,26/一月/26 10:03 上午,27/一月/26 11:18 上午,
漏洞,RSGCL-22,59365,機台大廳-JP彩金頁面偶發無資料情形,Gms,5d147d02e207030bd3c6bdd2,Clara Wu,712020:d73a2c6b-ee79-4beb-8699-1425f0060980,Medium,觀察中,,25/一月/26 10:21 上午,04/二月/26 9:41 上午,
漏洞,RSGCL-21,59364,機台大廳-JP彩金頁面無資料時版面顯示異常,Ian,712020:16e2ac38-40fa-4fda-9c70-352e4a9163b1,Clara Wu,712020:d73a2c6b-ee79-4beb-8699-1425f0060980,Medium,已解決,,25/一月/26 10:20 上午,02/二月/26 2:40 下午,
漏洞,RSGCL-20,59329,0105【Uat】【R1】機台大廳-多點觸控時連續切換分頁,Ian,712020:16e2ac38-40fa-4fda-9c70-352e4a9163b1,Clara Wu,712020:d73a2c6b-ee79-4beb-8699-1425f0060980,Medium,結案,,24/一月/26 8:19 下午,08/二月/26 7:56 下午,
漏洞,RSGCSC-52,59328,機台 - JP 音效動畫播放結束後未正確關閉,Gms,5d147d02e207030bd3c6bdd2,Della,712020:9fb9dfee-dad3-4d42-bf15-2eec105b2bfb,Medium,結案,,24/一月/26 6:42 下午,08/二月/26 8:02 下午,
漏洞,RSGCSC-51,59327,機台 - JP 中獎跑馬燈未同步的同pool的機台,Gms,5d147d02e207030bd3c6bdd2,Della,712020:9fb9dfee-dad3-4d42-bf15-2eec105b2bfb,Medium,未解決問題,,24/一月/26 6:35 下午,24/一月/26 6:35 下午,
漏洞,RSGCSC-50,59326,機台 - JP 跑馬燈未正確顯示,Gms,5d147d02e207030bd3c6bdd2,Della,712020:9fb9dfee-dad3-4d42-bf15-2eec105b2bfb,Medium,結案,,24/一月/26 6:30 下午,08/二月/26 8:04 下午,
漏洞,RSGCFA-13,59325,【UAT】【R2】機台 -  勇闖黃金城 - bigwin大獎動畫 - BIGWIN 的字體不一致,Clara Wu,712020:d73a2c6b-ee79-4beb-8699-1425f0060980,Della,712020:9fb9dfee-dad3-4d42-bf15-2eec105b2bfb,Medium,結案,,24/一月/26 6:05 下午,26/一月/26 1:25 下午,
漏洞,RSGCCC-15,59324,機台 -  有請財神 - bg & fg 未開turbo時按spin 秀線issue,Gms,5d147d02e207030bd3c6bdd2,Della,712020:9fb9dfee-dad3-4d42-bf15-2eec105b2bfb,Medium,結案,,24/一月/26 5:41 下午,07/二月/26 2:34 下午,
漏洞,RSGCHF-13,59322,機台 -  開心農場 - 中了 JP之後按spin 無法關閉JP 彈板,Gms,5d147d02e207030bd3c6bdd2,Della,712020:9fb9dfee-dad3-4d42-bf15-2eec105b2bfb,High,結案,,24/一月/26 5:14 下午,05/二月/26 2:18 下午,
漏洞,RSGCLD-9,59321,【UAT】【R1】機台遊戲四款 - 狗來富  - 倍數動畫的光影圖層錯誤導致倍數無法被看到,Gms,5d147d02e207030bd3c6bdd2,Della,712020:9fb9dfee-dad3-4d42-bf15-2eec105b2bfb,High,結案,,24/一月/26 4:35 下午,27/一月/26 11:29 上午,
漏洞,RSGCSC-46,59320,機台 - 部分遊戲 - 從fg返回bg觸發大獎動畫會自動關閉,kemeterchang,712020:89412c0f-f142-4686-9760-6139539212fe,Della,712020:9fb9dfee-dad3-4d42-bf15-2eec105b2bfb,High,結案,,24/一月/26 4:01 下午,12/二月/26 11:11 上午,
漏洞,RSGCPOW-7,59319,機台 -  雷神之錘 - 中了 JP之後按spin 無法關閉JP 彈板,Gms,5d147d02e207030bd3c6bdd2,Della,712020:9fb9dfee-dad3-4d42-bf15-2eec105b2bfb,High,結案,,24/一月/26 3:39 下午,05/二月/26 1:58 下午,
漏洞,RSGCLD-10,59318,機台 -  狗來富 - 中了JP 後實體按鈕狀態出現錯誤,Gms,5d147d02e207030bd3c6bdd2,Della,712020:9fb9dfee-dad3-4d42-bf15-2eec105b2bfb,High,結案,,24/一月/26 3:22 下午,05/二月/26 2:01 下午,
漏洞,RSGCSC-43,59251,0112 【Uat】【R1】機台遊戲四款-戰神呂布、開心農場-Bonus、倍數Symbol掉落時超出盤面,Steve Yeh,712020:8dfb256b-ce1e-4d10-88d4-d74aba540cbe,QA-Thomas,712020:a4ed337d-b668-43e3-9ff7-fa923c3e6f0a,Medium,結案,,23/一月/26 5:18 下午,21/四月/26 5:18 下午,
漏洞,RSGCHF-12,59243,0112【Uat】【R1】機台遊戲四款-開心農場-FG贏分+倍數收集+Retrigger，上面贏分會重新跑,Steve Yeh,712020:8dfb256b-ce1e-4d10-88d4-d74aba540cbe,QA-darwin,712020:854bc137-7e5c-4296-b626-473dec40e4ea,Medium,結案,,23/一月/26 2:42 下午,21/四月/26 5:18 下午,
漏洞,RSGCGC-7,59240,"0112 【Uat】【R1】機台遊戲四款-金雞報喜-""10""配分表4連線贏分與規格文件不符",LuluHsu,712020:e0539f60-c2ea-4126-91fc-2e267711c91b,QA-Leo,712020:43438060-b8b0-4b3f-963e-fc65356d9672,Medium,結案,,23/一月/26 2:33 下午,21/四月/26 5:18 下午,
漏洞,RSGCHF-11,59239,0112【Uat】【R1】機台遊戲四款-開心農場-FG最後一把中BigWin，回BG後BigWin跑分時斷線重連，盤面都不會重製，除非再spin一把,Steve Yeh,712020:8dfb256b-ce1e-4d10-88d4-d74aba540cbe,QA-darwin,712020:854bc137-7e5c-4296-b626-473dec40e4ea,Medium,結案,,23/一月/26 1:53 下午,21/四月/26 5:19 下午,
漏洞,RSGCRM-8,59233,0112【Uat】【R1】機台遊戲四款-麻將發了-英文-symbol圖解與規格文案不符,Clara Wu,712020:d73a2c6b-ee79-4beb-8699-1425f0060980,QA-Leo,712020:43438060-b8b0-4b3f-963e-fc65356d9672,Medium,結案,,23/一月/26 11:46 上午,21/四月/26 5:19 下午,
漏洞,RSGCCNY3-8,59225,0119【Uat】【R2】機台遊戲六款-大過年3-免費旋轉符號急停音效異常,grace,712020:afdf8426-d95b-4dfb-86ec-5b42391ad354,QA-Leo,712020:43438060-b8b0-4b3f-963e-fc65356d9672,Medium,結案,,23/一月/26 10:43 上午,21/四月/26 5:19 下午,
漏洞,RSGCHF-10,59224,0112【Uat】【R1】機台遊戲四款-開心農場-FG非最後一局轉到倍數的symbol，會出現在斷線重連後的盤面,Steve Yeh,712020:8dfb256b-ce1e-4d10-88d4-d74aba540cbe,QA-darwin,712020:854bc137-7e5c-4296-b626-473dec40e4ea,Medium,結案,,23/一月/26 10:33 上午,21/四月/26 5:19 下午,
漏洞,RSGCFA-12,59189,0119【Uat】【R2】機台遊戲六款-勇闖黃金城-免遊結束無須等待領獎按鈕出現即可點擊按鈕位置關閉頁面,阿牛,70121:ff51f7a7-1a6d-4899-a0f2-5e88820af6d3,QA-Leo,712020:43438060-b8b0-4b3f-963e-fc65356d9672,Medium,結案,,22/一月/26 11:40 下午,21/四月/26 5:19 下午,
漏洞,RSGCSC-41,59188,0112 【Uat】【R1】機台遊戲四款-全遊戲-進免遊及免遊結算頁面左右下角仍可點擊,Gms,5d147d02e207030bd3c6bdd2,QA-Leo,712020:43438060-b8b0-4b3f-963e-fc65356d9672,Medium,未解決問題,,22/一月/26 10:58 下午,17/三月/26 1:16 下午,
漏洞,RSGCSC-40,59187,"0112 【Uat】【R1】機台遊戲四款-全遊戲-購買免遊頁面關閉時,短時間其餘按鈕無禁能,此會導致後續購買免由流程出錯",Gms,5d147d02e207030bd3c6bdd2,QA-Leo,712020:43438060-b8b0-4b3f-963e-fc65356d9672,Medium,未解決問題,,22/一月/26 10:02 下午,22/一月/26 10:58 下午,
漏洞,RSGCSC-39,59183,機台- 開自動模式拉到JP 遊戲畫面會卡住,Gms,5d147d02e207030bd3c6bdd2,Della,712020:9fb9dfee-dad3-4d42-bf15-2eec105b2bfb,High,結案,,22/一月/26 7:22 下午,08/二月/26 8:06 下午,
漏洞,RSGCHF-9,59179,0112【Uat】【R1】機台遊戲四款-開心農場-倍數的symbol機率性卡住,Steve Yeh,712020:8dfb256b-ce1e-4d10-88d4-d74aba540cbe,QA-darwin,712020:854bc137-7e5c-4296-b626-473dec40e4ea,Medium,結案,,22/一月/26 6:56 下午,21/四月/26 5:19 下午,
漏洞,RSGCLD-8,59177,【Uat】【R1】機台遊戲四款-狗來富-help第三頁示意圖修改,Gms,5d147d02e207030bd3c6bdd2,Clara Wu,712020:d73a2c6b-ee79-4beb-8699-1425f0060980,Medium,結案,,22/一月/26 6:33 下午,27/一月/26 11:23 上午,
漏洞,RSGCHF-8,59176,0112【Uat】【R1】機台遊戲四款-開心農場-help第三頁示意圖修改,Steve Yeh,712020:8dfb256b-ce1e-4d10-88d4-d74aba540cbe,Clara Wu,712020:d73a2c6b-ee79-4beb-8699-1425f0060980,Medium,結案,,22/一月/26 6:31 下午,27/一月/26 3:41 下午,
漏洞,RSGCCNY3-7,59173,0119【Uat】【R2】機台遊戲六款-大過年3-help第三頁排版調整,grace,712020:afdf8426-d95b-4dfb-86ec-5b42391ad354,Clara Wu,712020:d73a2c6b-ee79-4beb-8699-1425f0060980,Medium,結案,,22/一月/26 5:44 下午,27/一月/26 10:41 上午,
漏洞,RSGCLEG-12,59172,0119【Uat】【R2】機台遊戲六款-戰神呂布-help第三頁示意圖修改,Steve Yeh,712020:8dfb256b-ce1e-4d10-88d4-d74aba540cbe,Clara Wu,712020:d73a2c6b-ee79-4beb-8699-1425f0060980,Medium,結案,,22/一月/26 5:40 下午,27/一月/26 10:43 上午,
漏洞,RSGCSC-42,59171,0112【Uat】【R1】機台遊戲四款-全遊戲-無贏分Retrigger轉出盤面與設定不符,Gms,5d147d02e207030bd3c6bdd2,QA-Thomas,712020:a4ed337d-b668-43e3-9ff7-fa923c3e6f0a,Medium,未解決問題,,22/一月/26 5:27 下午,23/一月/26 1:53 下午,
漏洞,RSGCSC-35,59062,"0112【Uat】【R1】機台遊戲四款-狗來富/開心農場-餘額不足情況,按下購買免遊按鈕同時Spin/大廳會有異常情況",Gms,5d147d02e207030bd3c6bdd2,QA-Leo,712020:43438060-b8b0-4b3f-963e-fc65356d9672,Medium,結案,,21/一月/26 10:41 下午,21/四月/26 5:38 下午,
漏洞,RSGCMC-31,59060,"0119【Uat】【R2】機台大廳-遊戲中進設定/報表頁面,遊戲背景音效不會關閉",gao,712020:760509ab-5f7a-4366-a044-df0f69821759,QA-Leo,712020:43438060-b8b0-4b3f-963e-fc65356d9672,Medium,結案,,21/一月/26 9:20 下午,21/四月/26 5:38 下午,
漏洞,RSGCLD-7,59058,"0112【Uat】【R1】機台遊戲四款-狗來富-上方跑馬燈欄位有倍數時,切換投注額/點擊購買按鈕後無顯示幾路中獎資訊",Gms,5d147d02e207030bd3c6bdd2,QA-Leo,712020:43438060-b8b0-4b3f-963e-fc65356d9672,Medium,結案,,21/一月/26 8:30 下午,21/四月/26 5:38 下午,
漏洞,RSGCLD-6,59057,0112【Uat】【R1】機台遊戲四款-狗來富-M1 symbol消除動畫異常,Gms,5d147d02e207030bd3c6bdd2,QA-Leo,712020:43438060-b8b0-4b3f-963e-fc65356d9672,Medium,結案,,21/一月/26 8:10 下午,21/四月/26 5:38 下午,
漏洞,RSGCGC-6,59056,"0112 【Uat】【R1】機台遊戲四款-金雞報喜-在購買免遊視窗按下返回大廳同時按下購買免遊,會有異常情況",LuluHsu,712020:e0539f60-c2ea-4126-91fc-2e267711c91b,QA-Leo,712020:43438060-b8b0-4b3f-963e-fc65356d9672,Medium,結案,,21/一月/26 8:06 下午,21/四月/26 5:38 下午,
漏洞,RSGCSC-34,59047,0112【Uat】【R1】機台遊戲四款-全遊戲-贏分20倍，未播放大獎動畫,Gms,5d147d02e207030bd3c6bdd2,QA-Sean,712020:b375f0f5-88f2-47e8-a8c3-fd4117da78fa,Medium,結案,,21/一月/26 4:08 下午,21/四月/26 5:38 下午,
漏洞,RSGCMC-30,59041,0119【Uat】【R2】機台大廳-主機重開機，程式不會自動全螢幕,gao,712020:760509ab-5f7a-4366-a044-df0f69821759,QA-darwin,712020:854bc137-7e5c-4296-b626-473dec40e4ea,Medium,已解決,,21/一月/26 3:20 下午,23/七月/26 5:17 下午,
漏洞,RSGCSC-33,59030,0112 【Uat】【R1】機台遊戲四款-全遊戲-斷線重連後Bet並非原Bet,Gms,5d147d02e207030bd3c6bdd2,QA-Sean,712020:b375f0f5-88f2-47e8-a8c3-fd4117da78fa,Medium,結案,,21/一月/26 11:27 上午,21/四月/26 5:38 下午,
漏洞,RSGCHF-6,59027,0112【Uat】【R1】機台遊戲四款-開心農場-英-HELP內文與文件不符,Steve Yeh,712020:8dfb256b-ce1e-4d10-88d4-d74aba540cbe,QA-darwin,712020:854bc137-7e5c-4296-b626-473dec40e4ea,Medium,結案,,21/一月/26 10:26 上午,21/四月/26 5:38 下午,
漏洞,RSGCLD-4,58918,0112【Uat】【R1】機台遊戲四款-狗來富-盤面出現期待動畫，待完全停輪後只有前兩個BONUS會持續顯示動畫,Gms,5d147d02e207030bd3c6bdd2,QA-Sean,712020:b375f0f5-88f2-47e8-a8c3-fd4117da78fa,Medium,結案,,20/一月/26 5:18 下午,21/四月/26 5:38 下午,
漏洞,RSGCSC-32,58837,0112 【Uat】【R1】機台遊戲四款-全遊戲-有贏分時切換押分，贏分不會歸０,Gms,5d147d02e207030bd3c6bdd2,QA-Sean,712020:b375f0f5-88f2-47e8-a8c3-fd4117da78fa,Medium,結案,,20/一月/26 3:02 下午,21/四月/26 5:38 下午,
漏洞,RSGCGC-5,58663,0112 【Uat】【R1】機台遊戲四款-金雞報喜-全語系-WILD圖示錯誤,LuluHsu,712020:e0539f60-c2ea-4126-91fc-2e267711c91b,QA-Leo,712020:43438060-b8b0-4b3f-963e-fc65356d9672,Medium,結案,,20/一月/26 11:03 上午,21/四月/26 5:39 下午,
漏洞,RSGCSC-31,58528,"0119【Uat】【R2】機台遊戲六款-雷神之錘、戰神呂布、有請財神-快速轉動功能,動畫顯示異常",Gms,5d147d02e207030bd3c6bdd2,QA-Leo,712020:43438060-b8b0-4b3f-963e-fc65356d9672,Medium,結案,,19/一月/26 7:55 下午,21/四月/26 5:39 下午,
漏洞,RSGCMC-29,58527,0119【Uat】【R2】機台大廳-開分/洗分視窗-取消鍵英文錯誤,gao,712020:760509ab-5f7a-4366-a044-df0f69821759,Clara Wu,712020:d73a2c6b-ee79-4beb-8699-1425f0060980,Medium,結案,,19/一月/26 7:38 下午,30/一月/26 10:47 上午,
漏洞,RSGCL-19,58282,0105【Uat】【R1】機台大廳-全語系-歷史紀錄頁面上一筆、下一筆按鈕文字與規格書不符,Ian,712020:16e2ac38-40fa-4fda-9c70-352e4a9163b1,QA-darwin,712020:854bc137-7e5c-4296-b626-473dec40e4ea,Medium,結案,,16/一月/26 2:29 下午,21/四月/26 5:39 下午,
改善,RSGCL-18,58281,0105【Uat】【R1】機台大廳-面額視窗點開後，切換面額不會自動關閉,Clara Wu,712020:d73a2c6b-ee79-4beb-8699-1425f0060980,QA-darwin,712020:854bc137-7e5c-4296-b626-473dec40e4ea,Medium,完成,完成,16/一月/26 1:58 下午,06/二月/26 9:16 上午,
漏洞,RSGCL-17,58280,0105【Uat】【R1】機台大廳-音量、面額點擊時，週圍底部會有長方形透黑色塊,Ian,712020:16e2ac38-40fa-4fda-9c70-352e4a9163b1,QA-darwin,712020:854bc137-7e5c-4296-b626-473dec40e4ea,Medium,結案,,16/一月/26 1:49 下午,21/四月/26 5:39 下午,
漏洞,RSGCMC-22,58253,"0105【Uat】【R1】機台大廳-使用工具面板File-Quit關閉程式後,紙鈔機仍為開啟狀態",gao,712020:760509ab-5f7a-4366-a044-df0f69821759,QA-Leo,712020:43438060-b8b0-4b3f-963e-fc65356d9672,Medium,結案,,16/一月/26 11:16 上午,21/四月/26 5:39 下午,
漏洞,RSGCMC-21,58199,0105【Uat】【R1】機台大廳-特殊操作下紙鈔會吐出 但會入金成功,gao,712020:760509ab-5f7a-4366-a044-df0f69821759,QA-Leo,712020:43438060-b8b0-4b3f-963e-fc65356d9672,Highest,結案,,15/一月/26 9:37 下午,21/四月/26 5:39 下午,
漏洞,RSGCMC-20,58198,"0105【Uat】【R1】機台大廳-遊戲滾輪中入鈔,停輪後不會自動刷新餘額(無贏分)",Gms,5d147d02e207030bd3c6bdd2,QA-Leo,712020:43438060-b8b0-4b3f-963e-fc65356d9672,Medium,結案,,15/一月/26 9:14 下午,30/四月/26 3:02 下午,
漏洞,RSGCL-16,58196,0105【Uat】【R1】機台大廳-JP排序與規格文件不符（大廳/JP頁面）,Gms,5d147d02e207030bd3c6bdd2,QA-Leo,712020:43438060-b8b0-4b3f-963e-fc65356d9672,Medium,結案,,15/一月/26 6:29 下午,21/四月/26 5:39 下午,
改善,RSGCHF-5,58186,0112【Uat】【R1】機台遊戲四款-開心農場-大獎表演動畫異常,Crimson 丹合,712020:363a0144-b688-4c80-b105-43b49fbefa89,QA-darwin,712020:854bc137-7e5c-4296-b626-473dec40e4ea,Medium,待辦,,15/一月/26 4:58 下午,14/五月/26 11:19 上午,
漏洞,RSGCRM-7,58184,0112【Uat】【R1】機台遊戲四款-麻將發了-免遊無贏分-結算頁面確認按鈕功能異常,kemeterchang,712020:89412c0f-f142-4686-9760-6139539212fe,QA-Leo,712020:43438060-b8b0-4b3f-963e-fc65356d9672,Medium,結案,,15/一月/26 4:41 下午,21/四月/26 5:39 下午,
漏洞,RSGCRM-6,58183,0112【Uat】【R1】機台遊戲四款-麻將發了-免遊無贏分-結算頁面音效播放異常,kemeterchang,712020:89412c0f-f142-4686-9760-6139539212fe,QA-Leo,712020:43438060-b8b0-4b3f-963e-fc65356d9672,Medium,結案,,15/一月/26 4:39 下午,21/四月/26 5:39 下午,
漏洞,RSGCRM-5,58181,0112【Uat】【R1】機台遊戲四款-麻將發了-繁體-說明頁免費旋轉特色文案與規格文案不符,Clara Wu,712020:d73a2c6b-ee79-4beb-8699-1425f0060980,QA-Leo,712020:43438060-b8b0-4b3f-963e-fc65356d9672,Medium,結案,,15/一月/26 4:16 下午,21/四月/26 5:39 下午,
漏洞,RSGCRM-4,58170,0112【Uat】【R1】機台遊戲四款-麻將發了-說明頁下方圖點顯示異常,kemeterchang,712020:89412c0f-f142-4686-9760-6139539212fe,QA-Leo,712020:43438060-b8b0-4b3f-963e-fc65356d9672,Medium,結案,,15/一月/26 3:15 下午,21/四月/26 5:39 下午,
漏洞,RSGCRM-3,58169,0112【Uat】【R1】機台遊戲四款-麻將發了-繁體-滾輪表上方文案與規格不符,Clara Wu,712020:d73a2c6b-ee79-4beb-8699-1425f0060980,QA-Leo,712020:43438060-b8b0-4b3f-963e-fc65356d9672,Medium,結案,,15/一月/26 3:09 下午,21/四月/26 5:39 下午,
漏洞,RSGCRM-2,58166,0112【Uat】【R1】機台遊戲四款-麻將發了-繁體-廣告文與規格文案不符,Clara Wu,712020:d73a2c6b-ee79-4beb-8699-1425f0060980,QA-Leo,712020:43438060-b8b0-4b3f-963e-fc65356d9672,Medium,結案,,15/一月/26 3:01 下午,21/四月/26 5:39 下午,
漏洞,RSGCMC-25,58162,0105【Uat】【R1】機台大廳-洗分-全洗分作法確認,Clara Wu,712020:d73a2c6b-ee79-4beb-8699-1425f0060980,QA-Sean,712020:b375f0f5-88f2-47e8-a8c3-fd4117da78fa,Medium,結案,,15/一月/26 2:37 下午,21/四月/26 5:39 下午,
漏洞,RSGCMC-26,58160,0105【Uat】【R1】機台大廳-開分/洗分-確認彈窗點擊取消，不會保留原本輸入額度,Clara Wu,712020:d73a2c6b-ee79-4beb-8699-1425f0060980,QA-Sean,712020:b375f0f5-88f2-47e8-a8c3-fd4117da78fa,Medium,結案,,15/一月/26 2:34 下午,21/四月/26 5:39 下午,
漏洞,RSGCMC-27,58159,0105【Uat】【R1】機台大廳-開分/洗分-確認彈窗內的數字不會顯示千分位,gao,712020:760509ab-5f7a-4366-a044-df0f69821759,QA-Sean,712020:b375f0f5-88f2-47e8-a8c3-fd4117da78fa,Medium,結案,,15/一月/26 2:32 下午,21/四月/26 5:39 下午,
漏洞,RSGCHF-4,58155,0112【Uat】【R1】機台遊戲四款-開心農場-英-廣告文與規格書不符,Clara Wu,712020:d73a2c6b-ee79-4beb-8699-1425f0060980,QA-darwin,712020:854bc137-7e5c-4296-b626-473dec40e4ea,Medium,結案,,15/一月/26 1:55 下午,21/四月/26 5:39 下午,
漏洞,RSGCGC-4,58154,0112 【Uat】【R1】機台遊戲四款-金雞報喜-英文-免遊無贏分文案顯示中文,LuluHsu,712020:e0539f60-c2ea-4126-91fc-2e267711c91b,QA-Leo,712020:43438060-b8b0-4b3f-963e-fc65356d9672,Medium,結案,,15/一月/26 1:55 下午,21/四月/26 5:39 下午,
漏洞,RSGCGC-3,58148,0112 【Uat】【R1】機台遊戲四款-金雞報喜-全語系-免遊無贏分確認文案錯誤,LuluHsu,712020:e0539f60-c2ea-4126-91fc-2e267711c91b,QA-Leo,712020:43438060-b8b0-4b3f-963e-fc65356d9672,Medium,結案,,15/一月/26 1:47 下午,21/四月/26 5:39 下午,
漏洞,RSGCMC-19,58140,0105【Uat】【R1】機台大廳-機台側邊設定按鈕-遊戲轉動中無禁能,gao,712020:760509ab-5f7a-4366-a044-df0f69821759,QA-Leo,712020:43438060-b8b0-4b3f-963e-fc65356d9672,Medium,結案,,15/一月/26 1:32 下午,21/四月/26 5:39 下午,
改善,RSGCSC-30,58139,"0112 【Uat】【R1】機台遊戲四款-Bet最小/最大時,加減押分沒有禁能",Crimson 丹合,712020:363a0144-b688-4c80-b105-43b49fbefa89,QA-Leo,712020:43438060-b8b0-4b3f-963e-fc65356d9672,Medium,待辦,,15/一月/26 1:30 下午,14/五月/26 11:18 上午,
漏洞,RSGCMC-18,58067,"0105【Uat】【R1】機台大廳-計數器-全洗分金額有小數點,洗分後計數器不會作用",gao,712020:760509ab-5f7a-4366-a044-df0f69821759,QA-Leo,712020:43438060-b8b0-4b3f-963e-fc65356d9672,Medium,結案,,14/一月/26 10:13 下午,21/四月/26 5:40 下午,
漏洞,RSGCMC-17,58066,0105【Uat】【R1】機台大廳-診斷工具-觸控測試-清除實體按鈕無作用,gao,712020:760509ab-5f7a-4366-a044-df0f69821759,QA-Leo,712020:43438060-b8b0-4b3f-963e-fc65356d9672,Medium,結案,,14/一月/26 9:52 下午,21/四月/26 5:40 下午,
漏洞,RSGCMC-16,58065,0105【Uat】【R1】機台大廳-按鍵測試頁面-離開功能異常,gao,712020:760509ab-5f7a-4366-a044-df0f69821759,QA-Leo,712020:43438060-b8b0-4b3f-963e-fc65356d9672,Medium,結案,,14/一月/26 9:49 下午,21/四月/26 5:40 下午,
漏洞,RSGCL-12,58064,"0105【Uat】【R1】機台大廳-大廳頁面切換後,需再次點擊任意位置,切頁按鈕才會熄滅",Ian,712020:16e2ac38-40fa-4fda-9c70-352e4a9163b1,QA-Leo,712020:43438060-b8b0-4b3f-963e-fc65356d9672,Medium,結案,,14/一月/26 9:37 下午,21/四月/26 5:40 下午,
漏洞,RSGCMC-14,58063,"0105【Uat】【R1】機台大廳-音量控制頁面-測試""game""音效後離開頁面仍有音效",gao,712020:760509ab-5f7a-4366-a044-df0f69821759,QA-Leo,712020:43438060-b8b0-4b3f-963e-fc65356d9672,Medium,結案,,14/一月/26 9:32 下午,21/四月/26 5:40 下午,
漏洞,RSGCMC-13,58062,0105【Uat】【R1】機台大廳-遊戲列表設定頁面-部分實體按鈕點擊無反應,gao,712020:760509ab-5f7a-4366-a044-df0f69821759,QA-Leo,712020:43438060-b8b0-4b3f-963e-fc65356d9672,Medium,結案,,14/一月/26 9:30 下午,21/四月/26 5:40 下午,
漏洞,RSGCL-11,58061,"0105【Uat】【R1】機台大廳-遊戲紀錄-記錄頁面移至中央,點擊上下頁會有異常情況",Clara Wu,712020:d73a2c6b-ee79-4beb-8699-1425f0060980,QA-Leo,712020:43438060-b8b0-4b3f-963e-fc65356d9672,Medium,結案,,14/一月/26 9:14 下午,21/四月/26 5:40 下午,
漏洞,RSGCMC-11,58059,0105【Uat】【R1】機台大廳-查帳按鈕點擊後無跳出查帳介面,gao,712020:760509ab-5f7a-4366-a044-df0f69821759,QA-Leo,712020:43438060-b8b0-4b3f-963e-fc65356d9672,Medium,結案,,14/一月/26 8:40 下午,21/四月/26 5:40 下午,
漏洞,RSGCSC-29,58058,0112 【Uat】【R1】機台遊戲四款-自動按鈕在自動轉期間無禁能,Gms,5d147d02e207030bd3c6bdd2,QA-Leo,712020:43438060-b8b0-4b3f-963e-fc65356d9672,Medium,結案,,14/一月/26 8:19 下午,21/四月/26 5:40 下午,
改善,RSGCSC-25,58047,0112 【Uat】【R1】機台遊戲四款-全遊戲-快速切換說明頁，下方節點顯示異常,Gms,5d147d02e207030bd3c6bdd2,QA-Leo,712020:43438060-b8b0-4b3f-963e-fc65356d9672,Medium,待辦,,14/一月/26 5:10 下午,18/三月/26 3:27 下午,
漏洞,RSGCGC-2,58046,0112 【Uat】【R1】機台遊戲四款-金雞報喜-繁中-遊戲說明文案與規格不符,LuluHsu,712020:e0539f60-c2ea-4126-91fc-2e267711c91b,QA-Leo,712020:43438060-b8b0-4b3f-963e-fc65356d9672,Medium,結案,,14/一月/26 5:06 下午,21/四月/26 5:40 下午,
漏洞,RSGCGC-1,58043,0112 【Uat】【R1】機台遊戲四款-金雞報喜-繁中-廣告文文案與規格不符,Clara Wu,712020:d73a2c6b-ee79-4beb-8699-1425f0060980,QA-Leo,712020:43438060-b8b0-4b3f-963e-fc65356d9672,Medium,結案,,14/一月/26 4:45 下午,21/四月/26 5:40 下午,
漏洞,RSGCHF-3,58030,0112【Uat】【R1】機台遊戲四款-開心農場-全語系-HELP順序規格確認,Clara Wu,712020:d73a2c6b-ee79-4beb-8699-1425f0060980,QA-darwin,712020:854bc137-7e5c-4296-b626-473dec40e4ea,Medium,結案,,14/一月/26 2:06 下午,21/四月/26 5:40 下午,
漏洞,RSGCHF-2,58018,0112【Uat】【R1】機台遊戲四款-開心農場-全語系-CONGRATULATIONS!規格確認,Clara Wu,712020:d73a2c6b-ee79-4beb-8699-1425f0060980,QA-darwin,712020:854bc137-7e5c-4296-b626-473dec40e4ea,Medium,結案,,14/一月/26 11:30 上午,21/四月/26 5:40 下午,
漏洞,RSGCLD-3,58017,0112【Uat】【R1】機台遊戲四款-狗來富-當局有贏分且確認歷史紀錄已有截圖，回到遊戲未顯示預設盤面,Gms,5d147d02e207030bd3c6bdd2,QA-Sean,712020:b375f0f5-88f2-47e8-a8c3-fd4117da78fa,Medium,結案,,14/一月/26 11:26 上午,21/四月/26 5:40 下午,
漏洞,RSGCL-10,57933,0105【Uat】【R1】機台大廳-進入歷史紀錄後返回大廳，實體按鍵音效未清除,Gms,5d147d02e207030bd3c6bdd2,Clara Wu,712020:d73a2c6b-ee79-4beb-8699-1425f0060980,Medium,結案,,13/一月/26 6:15 下午,20/一月/26 3:15 下午,
漏洞,RSGCLD-2,57928,0112【Uat】【R1】機台遊戲四款-狗來富-英文語系-FG無贏分時的結算頁面，確認按鈕文字顯示確認,Gms,5d147d02e207030bd3c6bdd2,QA-Sean,712020:b375f0f5-88f2-47e8-a8c3-fd4117da78fa,Medium,結案,,13/一月/26 5:20 下午,21/四月/26 5:40 下午,
漏洞,RSGCHF-1,57927,0112【Uat】【R1】機台遊戲四款-開心農場-全語系-EXTRA BONUS的e、n、u顯示小寫,Clara Wu,712020:d73a2c6b-ee79-4beb-8699-1425f0060980,QA-darwin,712020:854bc137-7e5c-4296-b626-473dec40e4ea,Medium,結案,,13/一月/26 4:55 下午,21/四月/26 5:40 下午,
漏洞,RSGCSC-24,57889,"0105【Uat】【R1】機台遊戲六款-勇闖黃金城/狗來富-消除掉落時,右上遊戲單號會變動",Gms,5d147d02e207030bd3c6bdd2,QA-Leo,712020:43438060-b8b0-4b3f-963e-fc65356d9672,Medium,結案,,13/一月/26 10:50 上午,21/四月/26 5:40 下午,
漏洞,RSGCLD-1,57888,0112【Uat】【R1】機台遊戲四款-狗來富-遊戲紀錄截圖會截到大獎贏分動畫,Gms,5d147d02e207030bd3c6bdd2,QA-Leo,712020:43438060-b8b0-4b3f-963e-fc65356d9672,Medium,結案,,13/一月/26 10:44 上午,21/四月/26 5:40 下午,
漏洞,RSGCRM-1,57806,0112【Uat】【R1】機台遊戲四款-麻將發了-英文-背景音效/消除音效為中文,kemeterchang,712020:89412c0f-f142-4686-9760-6139539212fe,QA-Leo,712020:43438060-b8b0-4b3f-963e-fc65356d9672,Medium,結案,,12/一月/26 10:04 下午,21/四月/26 5:40 下午,
漏洞,RSGCSC-22,57772,0105【Uat】【R1】機台遊戲六款-遊戲中開啟系統設定頁，一段時間後返回出現code:-2訊息,Gms,5d147d02e207030bd3c6bdd2,Clara Wu,712020:d73a2c6b-ee79-4beb-8699-1425f0060980,Medium,結案,,12/一月/26 6:57 下午,20/一月/26 11:59 上午,
漏洞,RSGCMC-9,57771,0105【Uat】【R1】機台大廳-系統事件記錄不一致,gao,712020:760509ab-5f7a-4366-a044-df0f69821759,Clara Wu,712020:d73a2c6b-ee79-4beb-8699-1425f0060980,Medium,觀察中,,12/一月/26 6:43 下午,20/一月/26 3:20 下午,
漏洞,RSGCSC-23,57763,0105【Uat】【R1】機台遊戲六款-加載進度條動畫異常（會有倒退情況）,Gms,5d147d02e207030bd3c6bdd2,QA-Leo,712020:43438060-b8b0-4b3f-963e-fc65356d9672,Medium,結案,,12/一月/26 2:40 下午,21/四月/26 5:40 下午,
漏洞,RSGCSC-21,57757,"0105【Uat】【R1】機台遊戲六款- 於遊戲內調整面額，回到遊戲大廳總分面額才會變更,更新有時間差",Gms,5d147d02e207030bd3c6bdd2,QA-WillChou,712020:bd380602-c207-428e-bd52-952ff52a09cb,Medium,未解決問題,,12/一月/26 11:59 上午,13/一月/26 10:42 上午,
漏洞,RSGCRM2-13,57751,0105【Uat】【R1】機台遊戲六款-麻將發了2-胡的symbol機率性卡住,kemeterchang,712020:89412c0f-f142-4686-9760-6139539212fe,QA-darwin,712020:854bc137-7e5c-4296-b626-473dec40e4ea,Medium,結案,,12/一月/26 10:07 上午,21/四月/26 5:40 下午,
漏洞,RSGCPOW-6,57607,"0105【Uat】【R1】機台遊戲六款-雷神之錘-bonus*3+消除掉落,無期待動畫",Steve Yeh,712020:8dfb256b-ce1e-4d10-88d4-d74aba540cbe,QA-WillChou,712020:bd380602-c207-428e-bd52-952ff52a09cb,Medium,結案,,09/一月/26 4:53 下午,21/四月/26 5:41 下午,
漏洞,RSGCLEG-11,57604,0105【Uat】【R1】機台遊戲六款-戰神呂布-版面有3個B1，其他Symbol觸發消除時未觸發期待表現,Steve Yeh,712020:8dfb256b-ce1e-4d10-88d4-d74aba540cbe,QA-Sean,712020:b375f0f5-88f2-47e8-a8c3-fd4117da78fa,Medium,結案,,09/一月/26 4:23 下午,21/四月/26 5:41 下午,
漏洞,RSGCFA-11,57594,"0105【Uat】【R1】機台遊戲六款-勇闖黃金城-免遊領獎畫面,下方""按下 旋轉 結束免費旋轉""文案與領獎按鈕無同步展示",阿牛,70121:ff51f7a7-1a6d-4899-a0f2-5e88820af6d3,QA-Leo,712020:43438060-b8b0-4b3f-963e-fc65356d9672,Medium,結案,,09/一月/26 11:57 上午,21/四月/26 5:41 下午,
漏洞,RSGCCNY3-6,57593,0105【Uat】【R1】機台遊戲六款-大過年3-免遊符號連線會顯示贏分0,Clara Wu,712020:d73a2c6b-ee79-4beb-8699-1425f0060980,QA-Leo,712020:43438060-b8b0-4b3f-963e-fc65356d9672,Medium,結案,,09/一月/26 11:31 上午,21/四月/26 5:41 下午,
漏洞,RSGCSC-20,57592,"0105【Uat】【R1】機台遊戲六款-長時間遊玩後,返回大廳會有黑畫面的情況發生",Gms,5d147d02e207030bd3c6bdd2,QA-Leo,712020:43438060-b8b0-4b3f-963e-fc65356d9672,Medium,觀察中,,09/一月/26 10:58 上午,21/四月/26 5:41 下午,
漏洞,RSGCMC-28,57586,0105【Uat】【R1】機台大廳-實體自動按鈕在FG中不正常亮起,Gms,5d147d02e207030bd3c6bdd2,Clara Wu,712020:d73a2c6b-ee79-4beb-8699-1425f0060980,Medium,觀察中,,09/一月/26 9:19 上午,19/一月/26 3:58 下午,
漏洞,RSGCFA-10,57551,"0105【Uat】【R1】機台遊戲六款-勇闖黃金城-免遊領獎畫面結束後,下方總贏分會先展示免遊最後一把贏分",阿牛,70121:ff51f7a7-1a6d-4899-a0f2-5e88820af6d3,QA-Leo,712020:43438060-b8b0-4b3f-963e-fc65356d9672,Medium,結案,,08/一月/26 10:28 下午,21/四月/26 5:41 下午,
漏洞,RSGCFA-9,57550,"0105【Uat】【R1】機台遊戲六款-勇闖黃金城-進入免遊後,額外押分按鈕消失",阿牛,70121:ff51f7a7-1a6d-4899-a0f2-5e88820af6d3,QA-Leo,712020:43438060-b8b0-4b3f-963e-fc65356d9672,Medium,結案,,08/一月/26 10:14 下午,21/四月/26 5:41 下午,
漏洞,RSGCRM2-12,57549,"0105【Uat】【R1】機台遊戲六款-麻將發了2-進入免遊後斷線重連,額外押分按鈕無禁能",Gms,5d147d02e207030bd3c6bdd2,QA-Leo,712020:43438060-b8b0-4b3f-963e-fc65356d9672,Medium,結案,,08/一月/26 9:57 下午,21/四月/26 5:41 下午,
漏洞,RSGCL-9,57547,0105【Uat】【R1】機台大廳-歷史紀錄-版面配置與規格文件不符,Clara Wu,712020:d73a2c6b-ee79-4beb-8699-1425f0060980,QA-Leo,712020:43438060-b8b0-4b3f-963e-fc65356d9672,Medium,結案,,08/一月/26 7:33 下午,21/四月/26 5:41 下午,
漏洞,RSGCCNY3-5,57543,0105【Uat】【R1】機台遊戲六款-大過年3-斷線重連後會卡在100％無法進入遊戲,Gms,5d147d02e207030bd3c6bdd2,QA-Leo,712020:43438060-b8b0-4b3f-963e-fc65356d9672,Medium,結案,,08/一月/26 6:50 下午,21/四月/26 5:41 下午,
漏洞,RSGCRM2-11,57519,0105【Uat】【R1】機台遊戲六款-麻將發了2-英文-說明頁-百搭圖示為英文圖示,kemeterchang,712020:89412c0f-f142-4686-9760-6139539212fe,QA-Leo,712020:43438060-b8b0-4b3f-963e-fc65356d9672,Medium,結案,,08/一月/26 5:35 下午,21/四月/26 5:41 下午,
漏洞,RSGCRM2-10,57518,0105【Uat】【R1】機台遊戲六款-麻將發了2-額外押分按鈕不須等待動畫播放完畢即可點擊其他功能,kemeterchang,712020:89412c0f-f142-4686-9760-6139539212fe,QA-Leo,712020:43438060-b8b0-4b3f-963e-fc65356d9672,Medium,結案,,08/一月/26 5:23 下午,21/四月/26 5:41 下午,
漏洞,RSGCLEG-10,57517,"0105【Uat】【R1】機台遊戲六款-戰神呂布-開啟快速轉,每一轉第一次消除掉落均不會有快速掉落效果",Steve Yeh,712020:8dfb256b-ce1e-4d10-88d4-d74aba540cbe,QA-Leo,712020:43438060-b8b0-4b3f-963e-fc65356d9672,Medium,結案,,08/一月/26 5:14 下午,21/四月/26 5:41 下午,
改善,RSGCSC-19,57516,"0105【Uat】【R1】機台遊戲六款-雷神之錘/戰神呂布-滾輪尚未停止時，點擊滾輪區域位置,會重複展示掉落動畫",Crimson 丹合,712020:363a0144-b688-4c80-b105-43b49fbefa89,QA-Leo,712020:43438060-b8b0-4b3f-963e-fc65356d9672,Medium,待辦,,08/一月/26 5:10 下午,14/五月/26 11:19 上午,
漏洞,RSGCLEG-9,57450,0105【Uat】【R1】機台遊戲六款-戰神呂布-斷線重連-當局若有消除，掉落的BOUNS符號有機會消失,Steve Yeh,712020:8dfb256b-ce1e-4d10-88d4-d74aba540cbe,QA-Sean,712020:b375f0f5-88f2-47e8-a8c3-fd4117da78fa,Medium,結案,,08/一月/26 2:54 下午,21/四月/26 5:41 下午,
漏洞,RSGCFA-8,57449,0105【Uat】【R1】機台遊戲六款-勇闖黃金城-大獎動畫播放一段時間後會停止播放,阿牛,70121:ff51f7a7-1a6d-4899-a0f2-5e88820af6d3,QA-Leo,712020:43438060-b8b0-4b3f-963e-fc65356d9672,Medium,結案,,08/一月/26 2:49 下午,21/四月/26 5:41 下午,
漏洞,RSGCPOW-5,57448,0105【Uat】【R1】機台遊戲六款-雷神之錘-免遊大獎跑分時，上方獲得金額顯示為0,Steve Yeh,712020:8dfb256b-ce1e-4d10-88d4-d74aba540cbe,QA-WillChou,712020:bd380602-c207-428e-bd52-952ff52a09cb,Medium,結案,,08/一月/26 2:43 下午,21/四月/26 5:41 下午,
漏洞,RSGCCNY3-4,57436,0105【Uat】【R1】機台遊戲六款-大過年3-動態symbol在點擊任何按鈕後會停止動畫,grace,712020:afdf8426-d95b-4dfb-86ec-5b42391ad354,Clara Wu,712020:d73a2c6b-ee79-4beb-8699-1425f0060980,Medium,結案,,08/一月/26 12:02 下午,27/一月/26 10:45 上午,
漏洞,RSGCPOW-4,57435,"0105【Uat】【R1】機台遊戲六款-雷神之錘-免遊中bonus符號3,4,5顆連線贏分錯誤",Steve Yeh,712020:8dfb256b-ce1e-4d10-88d4-d74aba540cbe,QA-WillChou,712020:bd380602-c207-428e-bd52-952ff52a09cb,Medium,結案,,08/一月/26 11:56 上午,21/四月/26 5:19 下午,
漏洞,RSGCLEG-8,57434,0105【Uat】【R1】機台遊戲六款-戰神呂布-FG-總倍數移動時會有重疊顯示狀況,Steve Yeh,712020:8dfb256b-ce1e-4d10-88d4-d74aba540cbe,QA-Sean,712020:b375f0f5-88f2-47e8-a8c3-fd4117da78fa,Medium,結案,,08/一月/26 11:55 上午,21/四月/26 5:19 下午,
漏洞,RSGCFA-7,57433,"0105【Uat】【R1】機台遊戲六款-勇闖黃金城-繁體-開啟額外押分動畫,免費旋轉符號圖示顯示英文",阿牛,70121:ff51f7a7-1a6d-4899-a0f2-5e88820af6d3,QA-Leo,712020:43438060-b8b0-4b3f-963e-fc65356d9672,Medium,結案,,08/一月/26 11:44 上午,21/四月/26 5:19 下午,
漏洞,RSGCSC-18,57429,"0105【Uat】【R1】機台遊戲六款-大過年3/麻將發了2/勇闖黃金城-開啟額外押分後,Spin並斷線重連,重連後會再次播放開啟額外押分動畫",Gms,5d147d02e207030bd3c6bdd2,QA-Leo,712020:43438060-b8b0-4b3f-963e-fc65356d9672,Medium,結案,,08/一月/26 11:24 上午,21/四月/26 5:19 下午,
漏洞,RSGCPOW-3,57427,0105【Uat】【R1】機台遊戲六款-雷神之錘-help-倍數符號特色 順序不一樣,Steve Yeh,712020:8dfb256b-ce1e-4d10-88d4-d74aba540cbe,QA-WillChou,712020:bd380602-c207-428e-bd52-952ff52a09cb,Medium,結案,,08/一月/26 10:54 上午,21/四月/26 5:19 下午,
漏洞,RSGCCC-14,57391,0105【Uat】【R1】機台遊戲六款-有請財神-英文-說明頁-喜從天降後方美術圖為中文語系,LuluHsu,712020:e0539f60-c2ea-4126-91fc-2e267711c91b,QA-Leo,712020:43438060-b8b0-4b3f-963e-fc65356d9672,Medium,結案,,07/一月/26 9:17 下午,21/四月/26 5:19 下午,
漏洞,RSGCSC-17,57390,"0105【Uat】【R1】機台遊戲六款-進入免遊後斷線重連,重連後會將斷線前贏分加入餘額",Clara Wu,712020:d73a2c6b-ee79-4beb-8699-1425f0060980,QA-Leo,712020:43438060-b8b0-4b3f-963e-fc65356d9672,Medium,結案,,07/一月/26 9:16 下午,21/四月/26 5:19 下午,
漏洞,RSGCL-8,57389,"0105【Uat】【R1】機台大廳-從遊戲返回大廳後,會有短暫卡頓情況發失",Clara Wu,712020:d73a2c6b-ee79-4beb-8699-1425f0060980,QA-Leo,712020:43438060-b8b0-4b3f-963e-fc65356d9672,Medium,結案,,07/一月/26 8:51 下午,21/四月/26 5:19 下午,
漏洞,RSGCFA-6,57388,0105【Uat】【R1】機台遊戲六款-勇闖黃金城-說明頁與規格文件不符以及部份文案錯誤,阿牛,70121:ff51f7a7-1a6d-4899-a0f2-5e88820af6d3,QA-Leo,712020:43438060-b8b0-4b3f-963e-fc65356d9672,Medium,結案,,07/一月/26 7:59 下午,21/四月/26 5:19 下午,
漏洞,RSGCRM2-9,57377,0105【Uat】【R1】機台遊戲六款-麻將發了2-贏分消除中關閉遊戲，會跳斷線重連提示,Clara Wu,712020:d73a2c6b-ee79-4beb-8699-1425f0060980,QA-darwin,712020:854bc137-7e5c-4296-b626-473dec40e4ea,Medium,結案,,07/一月/26 5:10 下午,21/四月/26 5:19 下午,
漏洞,RSGCFA-5,57376,0105【Uat】【R1】機台遊戲六款-勇闖黃金城-英文-symbol詳細說明與規格文件不符,阿牛,70121:ff51f7a7-1a6d-4899-a0f2-5e88820af6d3,QA-Leo,712020:43438060-b8b0-4b3f-963e-fc65356d9672,Medium,結案,,07/一月/26 4:36 下午,21/四月/26 5:19 下午,
漏洞,RSGCFA-4,57374,0105【Uat】【R1】機台遊戲六款-勇闖黃金城-廣告頁部份文案與規格文件不符,Clara Wu,712020:d73a2c6b-ee79-4beb-8699-1425f0060980,QA-Leo,712020:43438060-b8b0-4b3f-963e-fc65356d9672,Medium,結案,,07/一月/26 4:08 下午,21/四月/26 5:19 下午,
漏洞,RSGCSC-26,57373,0105【Uat】【R1】機台遊戲六款-大過年3/麻將發了2/勇闖黃金城-開啟額外押分動畫播放時，可使用機台按鈕,Gms,5d147d02e207030bd3c6bdd2,QA-Leo,712020:43438060-b8b0-4b3f-963e-fc65356d9672,Medium,結案,,07/一月/26 3:47 下午,21/四月/26 5:19 下午,
漏洞,RSGCRM2-8,57372,0105【Uat】【R1】機台遊戲六款-麻將發了2-全語系-BG跑馬燈短文字會滾動,Clara Wu,712020:d73a2c6b-ee79-4beb-8699-1425f0060980,QA-darwin,712020:854bc137-7e5c-4296-b626-473dec40e4ea,Medium,結案,,07/一月/26 3:37 下午,21/四月/26 5:19 下午,
漏洞,RSGCLEG-7,57368,0105【Uat】【R1】機台遊戲六款-戰神呂布-英文語系-遊戲說明-購買特色說明不完整,Steve Yeh,712020:8dfb256b-ce1e-4d10-88d4-d74aba540cbe,QA-Sean,712020:b375f0f5-88f2-47e8-a8c3-fd4117da78fa,Medium,結案,,07/一月/26 3:18 下午,21/四月/26 5:19 下午,
漏洞,RSGCLEG-6,57367,0105【Uat】【R1】機台遊戲六款-戰神呂布-FG-出現3xBONUS，上方會顯示贏分,Steve Yeh,712020:8dfb256b-ce1e-4d10-88d4-d74aba540cbe,QA-Sean,712020:b375f0f5-88f2-47e8-a8c3-fd4117da78fa,Medium,結案,,07/一月/26 3:08 下午,21/四月/26 5:19 下午,
漏洞,RSGCFA-3,57366,0105【Uat】【R1】機台遊戲六款-勇闖黃金城-說明頁規格文件缺少文案,Clara Wu,712020:d73a2c6b-ee79-4beb-8699-1425f0060980,QA-Leo,712020:43438060-b8b0-4b3f-963e-fc65356d9672,Medium,結案,,07/一月/26 3:05 下午,21/四月/26 5:19 下午,
漏洞,RSGCFA-2,57365,0105【Uat】【R1】機台遊戲六款-勇闖黃金城-規格文件部份文案確認是否使用,Clara Wu,712020:d73a2c6b-ee79-4beb-8699-1425f0060980,QA-Leo,712020:43438060-b8b0-4b3f-963e-fc65356d9672,Medium,結案,,07/一月/26 3:02 下午,21/四月/26 5:19 下午,
漏洞,RSGCLEG-5,57361,0105【Uat】【R1】機台遊戲六款-戰神呂布-跑馬燈顯示順序確認,Clara Wu,712020:d73a2c6b-ee79-4beb-8699-1425f0060980,QA-Sean,712020:b375f0f5-88f2-47e8-a8c3-fd4117da78fa,Medium,結案,,07/一月/26 2:41 下午,21/四月/26 5:19 下午,
漏洞,RSGCPOW-2,57360,"0105【Uat】【R1】機台遊戲六款-雷神之錘-全語系-免費遊戲中跑馬燈少了 ""最高倍率高達51000X！""",Steve Yeh,712020:8dfb256b-ce1e-4d10-88d4-d74aba540cbe,QA-WillChou,712020:bd380602-c207-428e-bd52-952ff52a09cb,Medium,結案,,07/一月/26 2:41 下午,21/四月/26 5:19 下午,
漏洞,RSGCLEG-4,57359,0105【Uat】【R1】機台遊戲六款-戰神呂布-FG-總倍數區域缺少總倍數文字,Steve Yeh,712020:8dfb256b-ce1e-4d10-88d4-d74aba540cbe,QA-Sean,712020:b375f0f5-88f2-47e8-a8c3-fd4117da78fa,Medium,結案,,07/一月/26 2:19 下午,21/四月/26 5:19 下午,
漏洞,RSGCLEG-3,57358,0105【Uat】【R1】機台遊戲六款-戰神呂布-FG大獎跑分時，上方獲得金額顯示為0,Steve Yeh,712020:8dfb256b-ce1e-4d10-88d4-d74aba540cbe,QA-Sean,712020:b375f0f5-88f2-47e8-a8c3-fd4117da78fa,Medium,結案,,07/一月/26 2:11 下午,21/四月/26 5:19 下午,
漏洞,RSGCLEG-2,57350,0105【Uat】【R1】機台遊戲六款-戰神呂布-FG結束結算頁面，背景動畫不會持續播放,Steve Yeh,712020:8dfb256b-ce1e-4d10-88d4-d74aba540cbe,QA-Sean,712020:b375f0f5-88f2-47e8-a8c3-fd4117da78fa,Medium,結案,,07/一月/26 10:55 上午,21/四月/26 5:19 下午,
漏洞,RSGCRM2-6,57349,0105【Uat】【R1】機台遊戲六款-麻將發了2-全語系-HELP版面舉例圖錯誤,Gene Huang,712020:9210c724-bb2a-4446-9f22-8bd2832cce5a,QA-darwin,712020:854bc137-7e5c-4296-b626-473dec40e4ea,Medium,結案,,07/一月/26 10:47 上午,21/四月/26 5:19 下午,
漏洞,RSGCLEG-1,57348,0105【Uat】【R1】機台遊戲六款-戰神呂布-FG中線且獲得倍率，不會自動繼續遊戲,Steve Yeh,712020:8dfb256b-ce1e-4d10-88d4-d74aba540cbe,QA-Sean,712020:b375f0f5-88f2-47e8-a8c3-fd4117da78fa,Medium,結案,,07/一月/26 10:43 上午,21/四月/26 5:19 下午,
漏洞,RSGCRM2-5,57347,0105【Uat】【R1】機台遊戲六款-麻將發了2-英-HELP實做部份與文件不符,Clara Wu,712020:d73a2c6b-ee79-4beb-8699-1425f0060980,QA-darwin,712020:854bc137-7e5c-4296-b626-473dec40e4ea,Medium,結案,,07/一月/26 10:40 上午,21/四月/26 5:19 下午,
漏洞,RSGCRM2-4,57346,0105【Uat】【R1】機台遊戲六款-麻將發了2-英-跑馬燈開頭文字擋住,kemeterchang,712020:89412c0f-f142-4686-9760-6139539212fe,QA-darwin,712020:854bc137-7e5c-4296-b626-473dec40e4ea,Medium,結案,,07/一月/26 10:30 上午,21/四月/26 5:19 下午,
漏洞,RSGCRM2-3,57345,0105【Uat】【R1】機台遊戲六款-麻將發了2-中-免費旋轉增加提示顯示英文,kemeterchang,712020:89412c0f-f142-4686-9760-6139539212fe,QA-darwin,712020:854bc137-7e5c-4296-b626-473dec40e4ea,Medium,結案,,07/一月/26 10:15 上午,21/四月/26 5:19 下午,
改善,RSGCSC-16,57343,0105【Uat】【R1】機台遊戲六款-help於遊戲內重新開啟不會回到第一頁,Gms,5d147d02e207030bd3c6bdd2,QA-darwin,712020:854bc137-7e5c-4296-b626-473dec40e4ea,Medium,待辦,,07/一月/26 10:09 上午,18/三月/26 3:27 下午,
改善,RSGCSC-15,57308,"0105【Uat】【R1】機台遊戲六款-需確認點擊購買特色按鈕後,視窗展開時,購買特色按鈕是否可見",Crimson 丹合,712020:363a0144-b688-4c80-b105-43b49fbefa89,QA-Leo,712020:43438060-b8b0-4b3f-963e-fc65356d9672,Medium,待辦,,06/一月/26 10:36 下午,14/五月/26 11:19 上午,
漏洞,RSGCSC-14,57307,0105【Uat】【R1】機台遊戲六款-全遊戲-斷線重連後Bet並非原Bet,Gms,5d147d02e207030bd3c6bdd2,QA-Leo,712020:43438060-b8b0-4b3f-963e-fc65356d9672,Medium,結案,,06/一月/26 9:53 下午,21/四月/26 5:19 下午,
漏洞,RSGCCC-13,57306,0105【Uat】【R1】機台遊戲六款-有請財神-免費遊戲中無大獎贏分動畫,LuluHsu,712020:e0539f60-c2ea-4126-91fc-2e267711c91b,QA-Leo,712020:43438060-b8b0-4b3f-963e-fc65356d9672,Medium,結案,,06/一月/26 8:46 下午,21/四月/26 5:19 下午,
漏洞,RSGCCC-12,57305,0105【Uat】【R1】機台遊戲六款-有請財神-免費遊戲大獎贏分動畫異常,LuluHsu,712020:e0539f60-c2ea-4126-91fc-2e267711c91b,QA-Leo,712020:43438060-b8b0-4b3f-963e-fc65356d9672,Medium,結案,,06/一月/26 8:07 下午,21/四月/26 5:19 下午,
漏洞,RSGCMC-6,57299,0105【Uat】【R1】機台大廳-洗分流程與規格不符(按鈕金額大於當前額度),gao,712020:760509ab-5f7a-4366-a044-df0f69821759,QA-Leo,712020:43438060-b8b0-4b3f-963e-fc65356d9672,Medium,結案,,06/一月/26 5:29 下午,21/四月/26 5:19 下午,
漏洞,RSGCSC-12,57298,"0105【Uat】【R1】機台遊戲六款-全遊戲-斷線重連2次以上,後續贏分均會規零",Clara Wu,712020:d73a2c6b-ee79-4beb-8699-1425f0060980,QA-Leo,712020:43438060-b8b0-4b3f-963e-fc65356d9672,Medium,結案,,06/一月/26 5:10 下午,21/四月/26 5:19 下午,
漏洞,RSGCSC-13,57297,0105【Uat】【R1】機台遊戲六款-全遊戲-開分後馬上下注會有下注失敗的情況發生,Gms,5d147d02e207030bd3c6bdd2,QA-Leo,712020:43438060-b8b0-4b3f-963e-fc65356d9672,Medium,結案,,06/一月/26 5:02 下午,21/四月/26 5:19 下午,
漏洞,RSGCCC-11,57294,"0105【Uat】【R1】機台遊戲六款-有請財神-進免遊後斷線重連,此時購買免遊按鈕會亮起(點擊無作用)",LuluHsu,712020:e0539f60-c2ea-4126-91fc-2e267711c91b,QA-Leo,712020:43438060-b8b0-4b3f-963e-fc65356d9672,Medium,結案,,06/一月/26 4:43 下午,21/四月/26 5:19 下午,
漏洞,RSGCSC-11,57293,0105【Uat】【R1】機台遊戲六款-全遊戲-底部訊息確認,Clara Wu,712020:d73a2c6b-ee79-4beb-8699-1425f0060980,QA-Sean,712020:b375f0f5-88f2-47e8-a8c3-fd4117da78fa,Medium,結案,,06/一月/26 4:43 下午,21/四月/26 5:19 下午,
漏洞,RSGCCC-10,57292,0105【Uat】【R1】機台遊戲六款-有請財神-觸發喜從天降時部份功能無禁能,LuluHsu,712020:e0539f60-c2ea-4126-91fc-2e267711c91b,QA-Leo,712020:43438060-b8b0-4b3f-963e-fc65356d9672,Medium,結案,,06/一月/26 4:37 下午,21/四月/26 5:19 下午,
漏洞,RSGCCC-9,57289,0105【Uat】【R1】機台遊戲六款-有請財神-Credit應在整局消除掉落結束後才加入贏分,LuluHsu,712020:e0539f60-c2ea-4126-91fc-2e267711c91b,Clara Wu,712020:d73a2c6b-ee79-4beb-8699-1425f0060980,Medium,結案,,06/一月/26 4:05 下午,19/一月/26 8:03 下午,
漏洞,RSGCCC-8,57286,0105【Uat】【R1】機台遊戲六款-有請財神-購買免遊後會有餘額計算異常的情況發生,Clara Wu,712020:d73a2c6b-ee79-4beb-8699-1425f0060980,QA-Leo,712020:43438060-b8b0-4b3f-963e-fc65356d9672,Medium,觀察中,,06/一月/26 4:00 下午,21/四月/26 5:20 下午,
漏洞,RSGCSC-10,57282,0105【Uat】【R1】機台遊戲六款-大過年3/麻將發了2-中文語系-額外押分按鈕名稱確認,Gms,5d147d02e207030bd3c6bdd2,QA-Sean,712020:b375f0f5-88f2-47e8-a8c3-fd4117da78fa,Medium,結案,,06/一月/26 3:44 下午,21/四月/26 5:20 下午,
漏洞,RSGCSC-9,57278,0105【Uat】【R1】機台遊戲六款-大過年3/麻將發了2-開啟額外押分，切換面額後押分顯示異常,Gms,5d147d02e207030bd3c6bdd2,QA-Sean,712020:b375f0f5-88f2-47e8-a8c3-fd4117da78fa,Medium,結案,,06/一月/26 3:11 下午,21/四月/26 5:41 下午,
漏洞,RSGCSC-8,57277,"0105【Uat】【R1】機台遊戲六款-全遊戲-餘額不足1轉的情況下仍可點擊""自動""按鈕",Gms,5d147d02e207030bd3c6bdd2,QA-Leo,712020:43438060-b8b0-4b3f-963e-fc65356d9672,Medium,結案,,06/一月/26 3:07 下午,21/四月/26 5:41 下午,
漏洞,RSGCSC-7,57274,0105【Uat】【R1】機台遊戲六款-錯誤訊息文字修改,Gms,5d147d02e207030bd3c6bdd2,Clara Wu,712020:d73a2c6b-ee79-4beb-8699-1425f0060980,Medium,觀察中,,06/一月/26 2:54 下午,20/一月/26 3:40 下午,
漏洞,RSGCCC-7,57271,"0105【Uat】【R1】機台遊戲六款-有請財神-免費遊戲""剩餘旋轉""過早出現",LuluHsu,712020:e0539f60-c2ea-4126-91fc-2e267711c91b,QA-Leo,712020:43438060-b8b0-4b3f-963e-fc65356d9672,Medium,結案,,06/一月/26 2:44 下午,21/四月/26 5:41 下午,
漏洞,RSGCSC-6,57269,0105【Uat】【R1】機台遊戲六款-全遊戲-購買免遊後重啟遊戲會導致連線異常,Michael Kuo,5c89ca3a5db2976adad4630e,QA-Sean,712020:b375f0f5-88f2-47e8-a8c3-fd4117da78fa,Medium,結案,,06/一月/26 2:40 下午,21/四月/26 5:41 下午,
漏洞,RSGCMC-2,57265,0105【Uat】【R1】機台遊戲六款-全遊戲-在遊戲中重啟機台，應回到重啟前的遊戲,gao,712020:760509ab-5f7a-4366-a044-df0f69821759,Clara Wu,712020:d73a2c6b-ee79-4beb-8699-1425f0060980,Medium,結案,,06/一月/26 2:26 下午,20/一月/26 11:28 上午,
漏洞,RSGCRM2-2,57253,"0105【Uat】【R1】機台遊戲六款-麻將發了2-全語系-BG跑馬燈 ""贏得高達2000路！"" 停頓稍久才移動",kemeterchang,712020:89412c0f-f142-4686-9760-6139539212fe,QA-darwin,712020:854bc137-7e5c-4296-b626-473dec40e4ea,Medium,結案,,06/一月/26 1:41 下午,21/四月/26 5:41 下午,
漏洞,RSGCRM2-1,57252,0105【Uat】【R1】機台遊戲六款-麻將發了2-中-HELP實做部份與文件不符,kemeterchang,712020:89412c0f-f142-4686-9760-6139539212fe,QA-darwin,712020:854bc137-7e5c-4296-b626-473dec40e4ea,Medium,結案,,06/一月/26 1:36 下午,21/四月/26 5:41 下午,
漏洞,RSGCMC-4,57251,0105【Uat】【R1】機台大廳-開分/洗分視窗-英文語系部份按鈕顯示中文,gao,712020:760509ab-5f7a-4366-a044-df0f69821759,QA-Leo,712020:43438060-b8b0-4b3f-963e-fc65356d9672,Medium,結案,,06/一月/26 1:36 下午,21/四月/26 5:41 下午,
漏洞,RSGCL-5,57250,0105【Uat】【R1】機台大廳-遊戲紀錄-需確認紀錄語系是否可隨機台語系進行切換,Clara Wu,712020:d73a2c6b-ee79-4beb-8699-1425f0060980,QA-Leo,712020:43438060-b8b0-4b3f-963e-fc65356d9672,Medium,結案,,06/一月/26 1:31 下午,21/四月/26 5:41 下午,
漏洞,RSGCMC-5,57248,0105【Uat】【R1】機台大廳-洗分流程-需確認尚有未完成遊戲是否可洗分,Clara Wu,712020:d73a2c6b-ee79-4beb-8699-1425f0060980,QA-Leo,712020:43438060-b8b0-4b3f-963e-fc65356d9672,Medium,結案,,06/一月/26 11:55 上午,21/四月/26 5:41 下午,
漏洞,RSGCCC-6,57246,0105【Uat】【R1】機台遊戲六款-有請財神-免費遊戲結束後贏分不會自動加入餘額,LuluHsu,712020:e0539f60-c2ea-4126-91fc-2e267711c91b,QA-Leo,712020:43438060-b8b0-4b3f-963e-fc65356d9672,Medium,結案,,06/一月/26 11:49 上午,21/四月/26 5:41 下午,
漏洞,RSGCMC-3,57238,0105【Uat】【R1】機台大廳-開分/洗分視窗-取消按鈕顯示為清除,gao,712020:760509ab-5f7a-4366-a044-df0f69821759,QA-Leo,712020:43438060-b8b0-4b3f-963e-fc65356d9672,Medium,結案,,06/一月/26 11:29 上午,21/四月/26 5:41 下午,
漏洞,RSGCSC-5,57233,0105【Uat】【R1】機台遊戲六款-全遊戲-有贏分時切換押分，贏分不會歸０,Gms,5d147d02e207030bd3c6bdd2,QA-Sean,712020:b375f0f5-88f2-47e8-a8c3-fd4117da78fa,Medium,結案,,06/一月/26 11:09 上午,21/四月/26 5:41 下午,
漏洞,RSGCCNY3-3,57229,0105【Uat】【R1】機台遊戲六款-大過年3-Buy Feature文案移除逗號,grace,712020:afdf8426-d95b-4dfb-86ec-5b42391ad354,Clara Wu,712020:d73a2c6b-ee79-4beb-8699-1425f0060980,Medium,結案,,06/一月/26 10:22 上午,19/一月/26 11:16 上午,
漏洞,RSGCSC-4,57155,0105【Uat】【R1】機台遊戲六款-全遊戲-額度為0時，開啟額外押分再關閉，購買特色按鈕會致能,Gms,5d147d02e207030bd3c6bdd2,QA-Sean,712020:b375f0f5-88f2-47e8-a8c3-fd4117da78fa,Medium,結案,,05/一月/26 5:20 下午,21/四月/26 5:42 下午,
漏洞,RSGCCC-5,57153,0105【Uat】【R1】機台遊戲六款-有請財神-英文-免遊載入頁面 文案與規格文件不符,Clara Wu,712020:d73a2c6b-ee79-4beb-8699-1425f0060980,QA-Leo,712020:43438060-b8b0-4b3f-963e-fc65356d9672,Medium,結案,,05/一月/26 5:16 下午,21/四月/26 5:42 下午,
漏洞,RSGCSC-3,57150,0105【Uat】【R1】機台遊戲六款-全遊戲-餘額為0情況 開啟說明頁後開分 此時購買特色按鈕會變為亮起並且可以點擊,Gms,5d147d02e207030bd3c6bdd2,QA-Leo,712020:43438060-b8b0-4b3f-963e-fc65356d9672,Medium,結案,,05/一月/26 5:02 下午,21/四月/26 5:42 下午,
漏洞,RSGCSC-28,57149,0105【Uat】【R1】機台遊戲六款-大過年3/麻將發了2-開啟額外押分，可使用機台按鈕進行購買特色,Gms,5d147d02e207030bd3c6bdd2,QA-Sean,712020:b375f0f5-88f2-47e8-a8c3-fd4117da78fa,Medium,結案,,05/一月/26 5:00 下午,21/四月/26 5:42 下午,
漏洞,RSGCCC-4,57147,"0105【Uat】【R1】機台遊戲六款-有請財神-英文-購買免遊視窗""確認、開始""顯示為中文",LuluHsu,712020:e0539f60-c2ea-4126-91fc-2e267711c91b,QA-Leo,712020:43438060-b8b0-4b3f-963e-fc65356d9672,Medium,結案,,05/一月/26 4:51 下午,21/四月/26 5:42 下午,
漏洞,RSGCCC-3,57143,"0105【Uat】【R1】機台遊戲六款-有請財神-英文-百搭""Symbols""文案與規格文件不符",Clara Wu,712020:d73a2c6b-ee79-4beb-8699-1425f0060980,QA-Leo,712020:43438060-b8b0-4b3f-963e-fc65356d9672,Medium,結案,,05/一月/26 4:29 下午,21/四月/26 5:42 下午,
漏洞,RSGCSC-1,57141,0105【Uat】【R1】機台遊戲六款-全遊戲-繁體-購買特色文案與規格文件不符,Clara Wu,712020:d73a2c6b-ee79-4beb-8699-1425f0060980,QA-Leo,712020:43438060-b8b0-4b3f-963e-fc65356d9672,Medium,結案,,05/一月/26 4:28 下午,21/四月/26 5:42 下午,
漏洞,RSGCSC-2,57131,0105【Uat】【R1】機台遊戲六款-需確認各遊戲載入頁面是否顯示'RSG'Logo+'皇家電子'文字,kemeterchang,712020:89412c0f-f142-4686-9760-6139539212fe,QA-Leo,712020:43438060-b8b0-4b3f-963e-fc65356d9672,Medium,結案,,05/一月/26 3:27 下午,21/四月/26 5:42 下午,
漏洞,RSGCCNY3-2,57129,0105【Uat】【R1】機台遊戲六款-大過年3-overview缺少免費旋轉特色部份說明,Clara Wu,712020:d73a2c6b-ee79-4beb-8699-1425f0060980,QA-Sean,712020:b375f0f5-88f2-47e8-a8c3-fd4117da78fa,Medium,結案,,05/一月/26 3:23 下午,21/四月/26 5:42 下午,
漏洞,RSGCCNY3-1,57127,0105【Uat】【R1】機台遊戲六款-大過年3-說明頁下方頁次圓點顯示異常,grace,712020:afdf8426-d95b-4dfb-86ec-5b42391ad354,QA-Sean,712020:b375f0f5-88f2-47e8-a8c3-fd4117da78fa,Medium,結案,,05/一月/26 3:18 下午,21/四月/26 5:42 下午,
漏洞,RSGCCC-2,57126,0105【Uat】【R1】機台遊戲六款-有請財神-全語系-說明頁缺少贏分線頁面,LuluHsu,712020:e0539f60-c2ea-4126-91fc-2e267711c91b,QA-Leo,712020:43438060-b8b0-4b3f-963e-fc65356d9672,Medium,結案,,05/一月/26 3:13 下午,21/四月/26 5:42 下午,
漏洞,RSGCCC-1,57121,0105【Uat】【R1】機台遊戲六款-有請財神-全語系-Loading與規格文件不符,Clara Wu,712020:d73a2c6b-ee79-4beb-8699-1425f0060980,QA-Leo,712020:43438060-b8b0-4b3f-963e-fc65356d9672,Medium,結案,,05/一月/26 2:46 下午,21/四月/26 5:42 下午,
